file_pdf,nama_asli,status,alasan,nomor_header,nomor_footer,nomor_cocok,tahun,jenis,pengadilan,hakim_ketua,hakim_anggota,hakim_tunggal,cara_hakim,halaman_pdf,jumlah_baris,jumlah_karakter
1002_Pid.Sus-LH_2026_PN Sby.pdf,1002_Pid.Sus-LH_2026_PN Sby.pdf,aktif,,1002/Pid.Sus-LH/2026,1002/Pid.Sus-LH/2026,ya,2026,Pid.Sus-LH,Sby,"Alex Adam Faisal, S.H., M.H.","Nur Kholis, S.H., M.H.; Antyo Harri Susetyo, S.H.",,oleh-kami,34,1286,74754
1013_Pid.B_2026_PN Sby.pdf,1013_Pid.B_2026_PN Sby.pdf,aktif,,1013/Pid.B/2026,1013/Pid.B/2026,ya,2026,Pid.B,Sby,"Sarlota Marselina Suek, S.H.","Gede Putra Astawa, S.H., M.H.; Agus Cakra Nugraha, S.H., M.H.",,oleh-kami,13,466,26400
1016_Pid.B_2026_PN Sby.pdf,1016_Pid.B_2026_PN Sby.pdf,aktif,,1016/Pid.B/2026,1016/Pid.B/2026,ya,2026,Pid.B,Sby,"Edi Saputra Pelawi, S.H., M.H.","Sagung Bunga Mayasaputri Antara, S.H.; S. Pujiono, S.H., M.H",,oleh-kami,16,632,35044
1021_Pid.Sus_2026_PN Sby.pdf,1021_Pid.Sus_2026_PN Sby.pdf,aktif,,1021/Pid.Sus/2026,1021/Pid.Sus/2026,ya,2026,Pid.Sus,Sby,"Teguh Santoso, S.H.","Betsji Siske Manoe, S.H., M.H.; Muhammad Sukamto, S.H., M.H.",,oleh-kami,16,610,35011
1031_Pdt.G_2026_PN Sby.pdf,1031_Pdt.G_2026_PN Sby.pdf,exclude,nomor nama file (1031) != nomor isi (100),100/Pdt.G/2026,1031/Pdt.G/2026,tidak,2026,Pdt.G,Sby,"Abu Achmad Sidqi Amsya, S.H.","Muhammad Zulqarnain, S.H., M.H.; Rida Nur Karima, S.H., M.H",,oleh-kami,4,125,6638
1050_Pid.Sus_2026_PN Sby.pdf,1050_Pid.Sus_2026_PN Sby.pdf,aktif,,1050/Pid.Sus/2026,1050/Pid.Sus/2026,ya,2026,Pid.Sus,Sby,"Aloysius Priharnoto Bayuaji, S.H., M.H.","Alex Adam Faisal, S.H, M.H.; Shaktiana, S.H., M.H.",,oleh-kami,83,3730,148862
1052_Pid.Sus_2026_PN Sby.pdf,1052_Pid.Sus_2026_PN Sby.pdf,aktif,,1052/Pid.Sus/2026,1052/Pid.Sus/2026,ya,2026,Pid.Sus,Sby,"Sagung Bunga Mayasaputri Antara, S.H.","S. Pujiono, S.H.; Edi Saputra Pelawi, S.H., M.H.",,oleh-kami,22,811,47717
1053_Pid.Sus_2026_PN Sby.pdf,1053_Pid.Sus_2026_PN Sby.pdf,aktif,,1053/Pid.Sus/2026,1053/Pid.Sus/2026,ya,2026,Pid.Sus,Sby,"Sagung Bunga Mayasaputri Antara, S.H.","S. Pujiono, S.H., M.H; Edi Saputra Pelawi, S.H., M.H.",,oleh-kami,25,924,54632
1057_Pid.B_2026_PN Sby.pdf,1057_Pid.B_2026_PN Sby.pdf,aktif,,1057/Pid.B/2026,1057/Pid.B/2026,ya,2026,Pid.B,Sby,"Safruddin, S.H., M.H.","Hj. Satyawati Yun Irianti, S.H.; Ristanti Rahim, S.H., M.H.",,oleh-kami,27,1005,58306
1067_Pid.B_2026_PN Sby.pdf,1067_Pid.B_2026_PN Sby.pdf,aktif,,1067/Pid.B/2026,1067/Pid.B/2026,ya,2026,Pid.B,Sby,"Cokia Ana Pontia O, S.H., M.H.","Nur Kholis, S.H., M.H.; Sugeng Harsoyo, S.H., M.H.",,oleh-kami,31,1181,72093
1074_Pid.Sus-LH_2026_PN Sby.pdf,1074_Pid.Sus-LH_2026_PN Sby.pdf,aktif,,1074/Pid.Sus/LH/2026,1074/Pid.Sus/LH/2026,ya,2026,Pid.Sus/LH,Sby,"Ega Shaktiana, S.H., M.H.","Nurnaningsih Amriani, S.H., MH.; Safruddin, S.H., M.H.",,oleh-kami,38,1447,91019
108_Pdt.G_2026_PN Sby.pdf,108_Pdt.G_2026_PN Sby.pdf,aktif,,108/Pdt.G/2026,108/Pdt.G/2026,ya,2026,Pdt.G,Sby,"Gede Putra Astawa, S.H., M.H.","Agus Cakra Nugraha, S.H., M.H.; Sarlota Marselina Suek, S.H.",,oleh-kami,156,5107,323727
1091_Pid.Sus_2026_PN Sby.pdf,1091_Pid.Sus_2026_PN Sby.pdf,aktif,,1091/Pid.Sus/2026,1091/Pid.Sus/2026,ya,2026,Pid.Sus,Sby,"Ernawati Anwar, S.H., M.H.","Irlina, S.H., M.H.; Cokia Ana Pontia Oppusunggu, S.H., M.H.",,oleh-kami,20,748,42639
1093_Pid.Sus_2026_PN Sby.pdf,1093_Pid.Sus_2026_PN Sby.pdf,aktif,,1093/Pid.Sus/2026,1093/Pid.Sus/2026,ya,2026,Pid.Sus,Sby,"Ernawati Anwar, S.H., M.H.","Irlina, S.H., M.H.; Cokia Ana Pontia Oppusunggu, S.H., M.H.",,oleh-kami,21,700,41192
1096_Pid.Sus_2026_PN Sby.pdf,1096_Pid.Sus_2026_PN Sby.pdf,aktif,,1096/Pid.Sus/2026,1096/Pid.Sus/2026,ya,2026,Pid.Sus,Sby,"Nur Kholis, S.H., M.H.","Irlina, S.H., M.H.; Ernawati Anwar, S.H., M.H.",,oleh-kami,19,764,43192
1100_Pid.Sus_2026_PN Sby.pdf,1100_Pid.Sus_2026_PN Sby.pdf,aktif,,1100/Pid.Sus/2026,1100/Pid.Sus/2026,ya,2026,Pid.Sus,Sby,"Teguh Santoso, S.H.","Betsji Siske Manoe, S.H., M.H.; Muhammad Sukamto, S.H., M.H.",,oleh-kami,17,631,36120
1106_Pid.Sus_2026_PN Sby.pdf,1106_Pid.Sus_2026_PN Sby.pdf,aktif,,1106/Pid.Sus/2026,1106/Pid.Sus/2026,ya,2026,Pid.Sus,Sby,"Ernawati Anwar, S.H., M.H.","Djulita Tandi Massora, S.H., M.H.; Cokia Ana Pontia Oppusunggu, S.H., M.H.",,oleh-kami,19,673,41294
1112_Pid.B_2026_PN Sby.pdf,1112_Pid.B_2026_PN Sby.pdf,aktif,,1112/Pid.B/2026,1112/Pid.B/2026,ya,2026,Pid.B,Sby,"Ernawati Anwar, S.H., M.H.","Nur Kholis, S.H., M.H; Djulita Tandi Massora, S.H., M.H.",,oleh-kami,18,665,34767
1117_Pid.B_2026_PN Sby.pdf,1117_Pid.B_2026_PN Sby.pdf,aktif,,1117/Pid.B/2026,1117/Pid.B/2026,ya,2026,Pid.B,Sby,"Ega Shaktiana, S.H., M.H.","Aloysius Priharnoto Bayuaji, S.H., M.H.; Sih Yuliarti, S.H.",,oleh-kami,19,707,38414
111_Pid.Sus_2018_PN SBY.pdf,111_Pid.Sus_2018_PN SBY.pdf,aktif,,111/Pid.Sus/2018,,,2018,Pid.Sus,Sby,"DWI PURWADI,SH.","I WAYAN SOSIAWAN, SH.; PUJO SAKSONO, SH.",,oleh-kami,12,427,25411
1122_Pid.Sus_2026_PN Sby.pdf,1122_Pid.Sus_2026_PN Sby.pdf,aktif,,1122/Pid.Sus/2026,1122/Pid.Sus/2026,ya,2026,Pid.Sus,Sby,"Sugeng Harsoyo, S.H.,M.H","Irlina, S.H., M.H; Cokia Ana Pontia O. SH., MH; Susanawati, S.H.",,oleh-kami,25,956,58410
1126_Pid.B_2026_PN Sby.pdf,1126_Pid.B_2026_PN Sby.pdf,aktif,,1126/Pid.B/2026,1126/Pid.B/2026,ya,2026,Pid.B,Sby,"Betsji Siske Manoe, S.H., M.H.","Teguh Santoso, S.H.; Muhammad Sukamto, S.H., M.H.",,oleh-kami,16,607,34622
1130_Pid.B_2026_PN Sby.pdf,1130_Pid.B_2026_PN Sby.pdf,aktif,,1130/Pid.B/2026,1130/Pid.B/2026,ya,2026,Pid.B,Sby,"S.H.,M.H.","Purnomo Hadiyarto, S.H.; Safruddin, S.H.",,oleh-kami,23,853,51287
1131_Pid.B_2026_PN Sby.pdf,1131_Pid.B_2026_PN Sby.pdf,aktif,,1131/Pid.B/2026,1131/Pid.B/2026,ya,2026,Pid.B,Sby,"NUGRAHINI MEINASTITI, S.H.","IDA AYU WIDYARINI, S.H., M.H; MUHAMAD SALAM GIRIBASUKI, S.H.",,oleh-kami,16,603,34465
1132_Pid.B_2026_PN Sby.pdf,1132_Pid.B_2026_PN Sby.pdf,aktif,,1132/Pid.B/2026,1132/Pid.B/2026,ya,2026,Pid.B,Sby,"Ernawati Anwar, S.H., M.H.","Djulita Tandi Massora, S.H., M.H.; Sugeng Harsoyo, S.H., M.H.",,oleh-kami,14,507,28493
1133_Pid.B_2026_PN Sby.pdf,1133_Pid.B_2026_PN Sby.pdf,aktif,,1133/Pid.B/2026,1133/Pid.B/2026,ya,2026,Pid.B,Sby,"Nur Kholis, S.H.,M.H.","Cokia Ana Pontia Oppusunggu, S.H., M.H.; Sugeng Harsoyo, S.H., M.H.",,oleh-kami,15,547,30585
1134_Pid.Sus_2026_PN Sby.pdf,1134_Pid.Sus_2026_PN Sby.pdf,aktif,,1134/Pid.Sus/2026,1134/Pid.Sus/2026,ya,2026,Pid.Sus,Sby,"Irlina, S.H., M.H.","Nur Kholis, S.H., M.H.; Sugeng Harsoyo, S.H., M.H.",,oleh-kami,32,1205,71000
113_Pid.B_2018_PN SBY.pdf,113_Pid.B_2018_PN SBY.pdf,aktif,,113/Pid.B/2018,113/Pid.B/2018,ya,2018,Pid.B,SBY,"Agus Hamzah, SH.,MH.","Isjuaedi, SH.,MH.; S.H.,M.H.",,oleh-kami,13,472,27813
1143_Pid.Sus_2026_PN Sby.pdf,1143_Pid.Sus_2026_PN Sby.pdf,aktif,,1143/Pid.Sus/2026,1143/Pid.Sus/2026,ya,2026,Pid.Sus,Sby,"Sugeng Harsoyo, S.H.,M.H","Nur Kholis, S.H., M.H; Ernawati Anwar, S.H., M.H; Susanawati, S.H., M.H.",,oleh-kami,17,622,36466
1149_Pid.Sus_2026_PN Sby.pdf,1149_Pid.Sus_2026_PN Sby.pdf,aktif,,1149/Pid.Sus/2026,1149/Pid.Sus/2026,ya,2026,Pid.Sus,Sby,"Nyoman Ayu Wulandari, S.H., M.H.","Antyo Harri Susetyo, S.H.; Hj. Ardiani, S.H.",,oleh-kami,15,573,32566
1150_Pid.B_2026_PN Sby.pdf,1150_Pid.B_2026_PN Sby.pdf,aktif,,1150/Pid.B/2026,,,2026,Pid.B,Sby,"Irlina, S.H., M.H.","Sugeng Harsoyo, S.H., M.H; Cokia Ana Pontia Oppusunggu, S.H., M.H.",,oleh-kami,21,784,44625
1156_Pid.B_2026_PN Sby.pdf,1156_Pid.B_2026_PN Sby.pdf,aktif,,1156/Pid.B/2026,1156/Pid.B/2026,ya,2026,Pid.B,Sby,"Sugeng Harsoyo, S.H., M.H.","Djulita Tandi Massora, S.H., M.H.; Irlina, S.H., M.H.",,oleh-kami,15,556,30800
1159_Pid.Sus_2026_PN Sby.pdf,1159_Pid.Sus_2026_PN Sby.pdf,aktif,,1159/Pid.Sus/2026,1159/Pid.Sus/2026,ya,2026,Pid.Sus,Sby,"Ernawati Anwar, S.H.","Cokia Ana Pontia Oppusunggu, SH.; Dan Sugeng Harsoyo, SH.",,oleh-kami,21,704,41759
1172_Pid.B_2026_PN Sby.pdf,1172_Pid.B_2026_PN Sby.pdf,aktif,,1172/Pid.B/2026,1172/Pid.B/2026,ya,2026,Pid.B,Sby,"Ernawati Anwar, S.H., M.H.","Nur Kholis, S.H., M.H.; Cokia Ana Pontia Oppusunggu, S.H., M.H.",,oleh-kami,14,480,27343
1180_Pid.B_2026_PN Sby.pdf,1180_Pid.B_2026_PN Sby.pdf,aktif,,1180/Pid.B/2026,1180/Pid.B/2026,ya,2026,Pid.B,Sby,"Safruddin, S.H., M.H.","Hj. Satyawati Yun Irianti, S.H., M.H; Ristanti Rahim, S.H., M.H.",,oleh-kami,15,534,32077
1184_Pid.Sus_2026_PN Sby.pdf,1184_Pid.Sus_2026_PN Sby.pdf,aktif,,1184/Pid.Sus/2026,1184/Pid.Sus/2026,ya,2026,Pid.Sus,Sby,"Aloysius Priharnoto Bayuaji, S.H., M.H.","Sih Yuliarti, S.H.; Shaktiana, S.H., M.H.",,oleh-kami,28,1079,56684
1186_Pid.B_2026_PN Sby.pdf,1186_Pid.B_2026_PN Sby.pdf,aktif,,1186/Pid.B/2026,1186/Pid.B/2026,ya,2026,Pid.B,Sby,"Cokia Ana Pontia O, S.H., M.H.","Massora, S.H., M.H.; Sugeng Harsoyo, S.H., M.H.",,oleh-kami,14,511,29967
1190_Pid.B_2026_PN Sby.pdf,1190_Pid.B_2026_PN Sby.pdf,aktif,,1190/Pid.B/2026,1190/Pid.B/2026,ya,2026,Pid.B,Sby,"Irlina, S.H.,M.H.","Nur Kholis, S.H., M.H.; Cokia Ana Pontia O, S.H., M.H.",,oleh-kami,28,1067,59187
1198_Pid.B_2026_PN Sby.pdf,1198_Pid.B_2026_PN Sby.pdf,aktif,,1198/Pid.B/2026,1198/Pid.B/2026,ya,2026,Pid.B,Sby,"Ernawati Anwar, S.H., M.H.","Nur Kholis, S.H., M.H.; Irlina, S.H., M.H.",,oleh-kami,18,592,34975
11_Pdt.Sus-HKI_Merek_2026_PN Niaga Sby.pdf,11_Pdt.Sus-HKI_Merek_2026_PN Niaga Sby.pdf,aktif,,11/Pdt.Sus-HKI/Merek/2026,11/Pdt.Sus-HKI/Merek/2026,ya,2026,Pdt.Sus-HKI/Merek,Niaga Sby,"ALEX ADAM FAISAL, S.H., M.H.","SIH YULIARTI, S.H.; BAYUAJI, S.H., M.H.",,oleh-kami,31,862,47208
1206_Pid.Sus-LH_2026_PN Sby.pdf,1206_Pid.Sus-LH_2026_PN Sby.pdf,aktif,,1206/Pid.Sus-LH/2026,1206/Pid.Sus-LH/2026,ya,2026,Pid.Sus-LH,Sby,"Alex Adam Faisal, S.H, M.H.","Nur Kholis, S.H., M.H.; Wiyanto, S.H., M.H.",,oleh-kami,23,868,48748
1208_Pid.Sus_2026_PN Sby.pdf,1208_Pid.Sus_2026_PN Sby.pdf,aktif,,1208/Pid.Sus/2026,1208/Pid.Sus/2026,ya,2026,Pid.Sus,Sby,"Meilia Christina Mulyaningrum, S.H.","Wiyanto, S.H., M.H.; Alex Adam Faisal, S.H, M.H.",,oleh-kami,24,912,55902
1209_Pid.Sus_2026_PN Sby.pdf,1209_Pid.Sus_2026_PN Sby.pdf,aktif,,1209/Pid.Sus/2026,1209/Pid.Sus/2026,ya,2026,Pid.Sus,Sby,"Teguh Santoso, S.H.","Betsji Siske Manoe, S.H., M.H.; Muhammad Sukamto, S.H., M.H.",,oleh-kami,27,1058,56398
1210_Pid.Sus_2026_PN Sby.pdf,1210_Pid.Sus_2026_PN Sby.pdf,aktif,,1210/Pid.Sus/2026,1210/Pid.Sus/2026,ya,2026,Pid.Sus,Sby,"Sugeng Harsoyo, S.H.,M.H","Nur Kholis, S.H., M.H; Ernawati Anwar, S.H., M.H; Ryan Afrilyansyah, S.H.",,oleh-kami,35,1381,72679
1211_Pid.B_2026_PN Sby.pdf,1211_Pid.B_2026_PN Sby.pdf,aktif,,1211/Pid.B/2026,1211/Pid.B/2026,ya,2026,Pid.B,Sby,"Ega Shaktiana, S.H., M.H.","Sih Yuliarti, S.H.; Aloysius Priharnoto Bayuaji, S.H., M.H.",,oleh-kami,13,478,26206
1240_Pid.Sus_2026_PN Sby.pdf,1240_Pid.Sus_2026_PN Sby.pdf,aktif,,1240/Pid.Sus/2026,1240/Pid.Sus/2026,ya,2026,Pid.Sus,Sby,"S. Pujiono, S.H., M.H","Edi Saputra Pelawi, S.H., M.H.; Sagung Bunga Mayasaputri Antara, S.H.",,oleh-kami,25,962,54727
1251_Pid.Sus_2026_PN Sby.pdf,1251_Pid.Sus_2026_PN Sby.pdf,aktif,,1251/Pid.Sus/2026,1251/Pid.Sus/2026,ya,2026,Pid.Sus,Sby,"I Made Yuliada, S.H., M.H.","Ferdinand Marcus Leander, S.H., M.H.; Ratna Dianing Wulansari, S.H., M.H.",,oleh-kami,26,1020,56832
1255_Pid.B_2026_PN Sby.pdf,1255_Pid.B_2026_PN Sby.pdf,aktif,,1255/Pid.B/2026,1255/Pid.B/2026,ya,2026,Pid.B,Sby,"Rida Nur Karima, S.H., M.H","Abu Achmad Sidqi Amsya, S.H.; Muhammad Zulqarnain, S.H., M.H.",,oleh-kami,14,493,25454
1270_Pdt.G_2025_PN Sby.pdf,1270_Pdt.G_2025_PN Sby.pdf,aktif,,1270/Pdt.G/2025,1270/Pdt.G/2025,ya,2025,Pdt.G,Sby,"Abu Achmad Sidqi Amsya, S.H.","Nurnaningsih Amriani, S.H., M.H.; Rida Nur Karima, S.H., M.H",,oleh-kami,5,134,6963
1276_Pid.Sus_2026_PN Sby.pdf,1276_Pid.Sus_2026_PN Sby.pdf,aktif,,1276/Pid.Sus/2026,1276/Pid.Sus/2026,ya,2026,Pid.Sus,Sby,"Alex Adam Faisal, S.H, M.H.","Erly Soelistyarini, S.H., M.H; Meilia Christina Mulyaningrum, S.H.",,oleh-kami,18,661,38300
1289_Pid.Sus_2026_PN Sby.pdf,1289_Pid.Sus_2026_PN Sby.pdf,aktif,,1289/Pid.Sus/2026,1289/Pid.Sus/2026,ya,2026,Pid.Sus,Sby,"Ristanti Rahim, S.H., M.H.","Hj. Satyawati Yun Irianti, S.H., M.H; Purnomo Hadiyarto, S.H.",,oleh-kami,26,999,63183
130_Pdt.P_2018_PN SBY.pdf,130_Pdt.P_2018_PN SBY.pdf,aktif,,130/Pdt.P/2018,,,2018,Pdt.P,SBY,,,"Ari Jiwantara,SH.,M.H",ttd-tunggal,11,292,15875
1365_Pid.Sus_2026_PN Sby.pdf,1365_Pid.Sus_2026_PN Sby.pdf,aktif,,1365/Pid.Sus/2026,1365/Pid.Sus/2026,ya,2026,Pid.Sus,Sby,"Rida Nur Karima, S.H., M.H","Abu Achmad Sidqi Amsya, S.H.; Muhammad Zulqarnain, S.H., M.H.",,oleh-kami,21,757,43116
1423_Pdt.G_2025_PN Sby.pdf,1423_Pdt.G_2025_PN Sby.pdf,aktif,,1423/Pdt.G/2025,1423/Pdt.G/2025,ya,2025,Pdt.G,Sby,"Sagung Bunga Mayasaputri Antara, S.H.","Edi Saputra Pelawi, S.H., M.H.; Muhammad Yusuf Karim, S.H., M.H",,oleh-kami,56,1966,106416
1449_Pdt.G_2026_PN Sby.pdf,1449_Pdt.G_2026_PN Sby.pdf,aktif,,1449/Pdt.G/2026,1449/Pdt.G/2026,ya,2026,Pdt.G,Sby,"Ardiani, S.H.","Nyoman Ayu Wulandari, S.H., M.H.; Ira Wati, S.H., M.K",,oleh-kami,75,2504,134199
151_Pdt.G_2026_PN Sby.pdf,151_Pdt.G_2026_PN Sby.pdf,aktif,,151/Pdt.G/2026,151/Pdt.G/2026,ya,2026,Pdt.G,Sby,"Nur Kholis, SH., MH","Irlina, SH., M.H.; Cokia Ana Pontia Oppusunggu, S.H., M.H",,oleh-kami,67,2205,130385
157_Pdt.P_2018_PN SBY.pdf,157_Pdt.P_2018_PN SBY.pdf,aktif,,157/Pdt.P/2018,,,2018,Pdt.P,SBY.,,,"DWI PURWADI, S.H.",ttd-tunggal,8,242,11394
169_Pdt.G_2026_PN Sby.pdf,169_Pdt.G_2026_PN Sby.pdf,aktif,,169/Pdt.G/2026,169/Pdt.G/2026,ya,2026,Pdt.G,Sby,"Nyoman Ayu Wulandari, S.H., M.H.","Antyo Harri Susetyo, S.H.; Ira Wati, S.H., M.K",,oleh-kami,93,3225,165124
177_Pid.B_2026_PN Sby.pdf,177_Pid.B_2026_PN Sby.pdf,aktif,,177/Pid.B/2026,177/Pid.B/2026,ya,2026,Pid.B,Sby,"Ira Wati, S.H., MK","Hj. Ardiani, S.H.; Wulandari.,SH.",,oleh-kami,32,1193,67764
17_Pdt.Sus-Pailit-GLL_2025_PN.Niaga Sby.pdf,17_Pdt.Sus-Pailit-GLL_2025_PN.Niaga Sby.pdf,aktif,flag: jenis nama file (PDTSUSPAILITGLL) != jenis isi (PDTSUSGUGATANLAINLAIN),17/Pdt.Sus-Gugatan Lain-Lain/2025,17/Pdt.Sus-Gugatan Lain-Lain/2025,ya,2025,Pdt.Sus-Gugatan Lain-Lain,Niaga Sby,"Silfi Yanti Zulfia, S.H.,M.H.","Sih Yuliarti, S.H.; Teguh Santoso, S.H.",,oleh-kami,34,1302,74674
186_Pdt.G_2026_PN Sby.pdf,186_Pdt.G_2026_PN Sby.pdf,aktif,,186/Pdt.G/2026,,,2026,Pdt.G,SBY,"MUHAMMAD ZULQARNAIN, SH.","ABU ACHMAD SIDQI AMSYA, SH.; RIDA NUR KARIMA, SH.",,oleh-kami,108,3786,192226
1872_Pid.B_2017_PN SBY.pdf,1872_Pid.B_2017_PN SBY.pdf,aktif,,1872/Pid.B/2017,,,2017,Pid.B,Sby,,,"FX HANUNG DWI WIBOWO, SH., MH.",ttd-tunggal,12,457,26048
191_Pid.B_2018_PN SBY.pdf,191_Pid.B_2018_PN SBY.pdf,aktif,,191/Pid.B/2018,,,2018,Pid.B,Sby,"HARIJANTO, SH.","YULISAR, SH.; SIGIT SUTRIONO, SH.",,oleh-kami,14,571,29834
1948_Pid.B_2017_PN SBY.pdf,1948_Pid.B_2017_PN SBY.pdf,aktif,,1948/Pid.B/2017,,,2017,Pid.B,Sby.,MH,"H.R UNGGUL WARSO MURTI, SH.",,ttd-majelis,9,328,19196
2209_Pid.B_2025_PN Sby.pdf,2209_Pid.B_2025_PN Sby.pdf,aktif,,2209/Pid.B/2025,2209/Pid.B/2025,ya,2025,Pid.B,Sby,"Aloysius Priharnoto Bayuaji, S.H., M.H.","Dra. Susanti Arsi Wibawani, S.H., M.H.; Ega, S.H.; S.H., M.H.",,oleh-kami,15,568,30835
221_Pid.Sus_2018_PN SBY.pdf,221_Pid.Sus_2018_PN SBY.pdf,aktif,,221/Pid.Sus/2018,221/Pid.Sus/2018,ya,2018,Pid.Sus,Sby,"Pujo Saksono, SH., MH","Anne Rusiana, SH., M.H; Dwi Purwadi, SH., MH.; Hery Marsudi, SH.; Darwis, SH.",,oleh-kami,11,392,24991
222_Pid.Sus_2025_PN Sby.pdf,222_Pid.Sus_2025_PN Sby.pdf,aktif,,222/Pid.Sus/2025,,,2025,Pid.Sus,Sby,"JAHORAS SIRINGORINGO, S.H., M.H.","DARWANTO, S.H., M.H.; I MADE YULIADA, S.H., M.H.",,oleh-kami,33,1217,72560
227_Pdt.G_2026_PN Sby.pdf,227_Pdt.G_2026_PN Sby.pdf,aktif,,227/Pdt.G/2026,227/Pdt.G/2026,ya,2026,Pdt.G,Sby,"Ega Shaktiana, S.H., M.H.","Aloysius Priharnoto Bayuaji, S.H., M.H.; Sih Yuliarti, S.H.",,oleh-kami,58,1979,100138
2289_Pid.Sus_2017_PN SBY.pdf,2289_Pid.Sus_2017_PN SBY.pdf,aktif,,2289/Pid.Sus/2017,2289/Pid.Sus/2017,ya,2017,Pid.Sus,SBY,"FX Hanung Dwi Wibowo, S.H.,M.H","SH.,MH.; Isjuaedi, S.H.,M.H.",,oleh-kami,13,489,27544
2296_Pdt.P_2026_PN Sby.pdf,2296_Pdt.P_2026_PN Sby.pdf,aktif,,2296/Pdt.P/2026,2296/Pdt.P/2026,ya,2026,Pdt.P,Sby,,,"Mochamad Arif Satiyo Widodo, S.H., M.H.",ttd-tunggal,14,419,22840
22_Pid.B_2018_PN SBY.pdf,22_Pid.B_2018_PN SBY.pdf,aktif,,22/Pid.B/2018,,,2018,Pid.B,Sby,"Maxi Sigarlaki, SH.","Rochmad, S.H.; R. Anton Widyopriyono, SH.",,oleh-kami,29,1134,67403
2302_Pid.Sus_2017_PN SBY.pdf,2302_Pid.Sus_2017_PN SBY.pdf,aktif,,2302/Pid.Sus/2017,2302/Pid.Sus/2017,ya,2017,Pid.Sus,Sby.,"JIWANTARA, SH.","H.R UNGGUL WARSO MURTI, SH.",,ttd-majelis,11,380,20711
2323_Pdt.P_2026_PN Sby.pdf,2323_Pdt.P_2026_PN Sby.pdf,aktif,,2323/Pdt.P/2026,2323/Pdt.P/2026,ya,2026,Pdt.P,Sby,,,"Edi Saputra Pelawi, S.H., M.H",ttd-tunggal,10,305,16812
2340_Pdt.P_2026_PN Sby.pdf,2340_Pdt.P_2026_PN Sby.pdf,aktif,,2340/Pdt.P/2026,2340/Pdt.P/2026,ya,2026,Pdt.P,Sby,,,"Asep Priyatno, S.H., M.H.",ttd-tunggal,10,327,17184
2364_Pdt.P_2026_PN Sby.pdf,2364_Pdt.P_2026_PN Sby.pdf,aktif,,2364/Pdt.P/2026,2364/Pdt.P/2025,tidak,2026,Pdt.P,Sby,,,"Nur Kholis, S.H., M.H.",ttd-tunggal,9,326,15201
2389_Pdt.P_2026_PN Sby.pdf,2389_Pdt.P_2026_PN Sby.pdf,aktif,,2389/Pdt.P/2026,2389/Pdt.P/2026,ya,2026,Pdt.P,Sby,,,"Purnomo Hadiyarto, S.H.",ttd-tunggal,10,305,16881
2394_Pdt.P_2026_PN Sby.pdf,2394_Pdt.P_2026_PN Sby.pdf,aktif,,2394/Pdt.P/2026,2394/Pdt.P/2026,ya,2026,Pdt.P,Sby,,,"Purnomo Hadiyarto, S.H.",ttd-tunggal,9,296,16082
2403_Pdt.P_2026_PN Sby.pdf,2403_Pdt.P_2026_PN Sby.pdf,aktif,,2403/Pdt.P/2026,2403/Pdt.P/2026,ya,2026,Pdt.P,Sby,,,"Adistya Fansriayu, S.H.",ttd-tunggal,11,336,17439
2420_Pdt.P_2026_PN Sby.pdf,2420_Pdt.P_2026_PN Sby.pdf,aktif,,2420/Pdt.P/2026,2420/Pdt.P/2026,ya,2026,Pdt.P,Sby,,,"Hj. Satyawati Yun Irianti, S.H., M.H",ttd-tunggal,3,79,4031
2423_Pdt.P_2026_PN Sby.pdf,2423_Pdt.P_2026_PN Sby.pdf,aktif,,2423/Pdt.P/2026,2423/Pdt.P/2026,ya,2026,Pdt.P,Sby,,,"Ida Yustianingsih, S.E., S.H.",ttd-tunggal,7,202,9903
2431_Pdt.P_2025_PN Sby.pdf,2431_Pdt.P_2025_PN Sby.pdf,aktif,,2431/Pdt.P/2025,2431/Pdt.P/2025,ya,2025,Pdt.P,Sby,,,"Susiana, S.H., M.H.",ttd-tunggal,9,327,18354
2437_Pdt.P_2026_PN Sby.pdf,2437_Pdt.P_2026_PN Sby.pdf,aktif,,2437/Pdt.P/2026,2437/Pdt.P/2026,ya,2026,Pdt.P,Sby,,,"Edi Saputra Pelawi, S.H., M.H",ttd-tunggal,10,309,18071
2441_Pdt.P_2025_PN Sby.pdf,2441_Pdt.P_2025_PN Sby.pdf,aktif,,2441/Pdt.P/2025,2441/Pdt.P/2025,ya,2025,Pdt.P,Sby,,,"Nur Kholis, S.H., M.H.",ttd-tunggal,9,328,17513
2448_Pdt.P_2026_PN Sby.pdf,2448_Pdt.P_2026_PN Sby.pdf,aktif,,2448/Pdt.P/2026,2448/Pdt.P/2026,ya,2026,Pdt.P,Sby.,,,"Ifan Salafi, SH.",ttd-tunggal,16,501,27937
2455_Pdt.P_2026_PN Sby.pdf,2455_Pdt.P_2026_PN Sby.pdf,aktif,,2455/Pdt.P/2026,2455/Pdt.P/2026,ya,2026,Pdt.P,Sby,,,"Gede Putra Astawa, S.H., M.H.",ttd-tunggal,8,246,13756
2463_Pdt.P_2026_PN Sby.pdf,2463_Pdt.P_2026_PN Sby.pdf,aktif,,2463/Pdt.P/2026,2463/Pdt.P/2026,ya,2026,Pdt.P,Sby,,,"Sarlota Marselina Suek, S.H.",ttd-tunggal,9,285,15524
2464_Pdt.P_2026_PN Sby.pdf,2464_Pdt.P_2026_PN Sby.pdf,aktif,,2464/Pdt.P/2026,2464/Pdt.P/2026,ya,2026,Pdt.P,Sby,,,"Adistya Fansriayu, S.H.",ttd-tunggal,10,356,19110
2472_Pdt.P_2026_PN Sby.pdf,2472_Pdt.P_2026_PN Sby.pdf,aktif,,2472/Pdt.P/2026,2472/Pdt.P/2026,ya,2026,Pdt.P,Sby,,,"Purnomo Hadiyarto, S.H.",ttd-tunggal,10,327,17736
2475_Pdt.P_2026_PN Sby.pdf,2475_Pdt.P_2026_PN Sby.pdf,aktif,,2475/Pdt.P/2026,2475/Pdt.P/2026,ya,2026,Pdt.P,Sby,,,"Teguh Santoso, S.H.",ttd-tunggal,3,80,4083
2484_Pdt.P_2026_PN Sby.pdf,2484_Pdt.P_2026_PN Sby.pdf,aktif,,2484/Pdt.P/2026,2484/Pdt.P/2026,ya,2026,Pdt.P,Sby,,,"Hj. Satyawati Yun Irianti, S.H., M.H",ttd-tunggal,11,324,17421
2487_Pdt.P_2026_PN Sby.pdf,2487_Pdt.P_2026_PN Sby.pdf,aktif,,2487/Pdt.P/2026,2487/Pdt.P/2026,ya,2026,Pdt.P,Sby,,,"Ida Ayu Widyarini, S.H., M.H",oleh-kami-tunggal,10,296,17108
2490_Pdt.P_2026_PN Sby.pdf,2490_Pdt.P_2026_PN Sby.pdf,aktif,,2490/Pdt.P/2026,2490/Pdt.P/2026,ya,2026,Pdt.P,Sby,,,"Ega Shaktiana, S.H., M.H",ttd-tunggal,11,326,17838
2495_Pdt.P_2026_PN Sby.pdf,2495_Pdt.P_2026_PN Sby.pdf,aktif,,2495/Pdt.P/2026,2495/Pdt.P/2026,ya,2026,Pdt.P,Sby,,,"Betsji Siske Manoe, S.H., M.H.",oleh-kami-tunggal,10,340,18489
2500_Pdt.P_2026_PN Sby.pdf,2500_Pdt.P_2026_PN Sby.pdf,aktif,,2500/Pdt.P/2026,2500/Pdt.P/2026,ya,2026,Pdt.P,Sby,,,"Nurkholis, S.H.,M.H.",ttd-tunggal,8,266,14826
2504_Pdt.P_2026_PN Sby.pdf,2504_Pdt.P_2026_PN Sby.pdf,aktif,,2504/Pdt.P/2026,2504/Pdt.P/2026,ya,2026,Pdt.P,Sby,,,"Gede Putra Astawa, S.H., M.H.",ttd-tunggal,8,237,13187
2505_Pdt.P_2026_PN Sby.pdf,2505_Pdt.P_2026_PN Sby.pdf,aktif,,2505/Pdt.P/2026,2505/Pdt.P/2026,ya,2026,Pdt.P,Sby,,,"Mustafiddin, S.H., M.H",ttd-tunggal,10,307,16575
2508_Pdt.P_2026_PN Sby.pdf,2508_Pdt.P_2026_PN Sby.pdf,aktif,,2508/PDT.P/2026,,,2026,PDT.P,Sby.,,,"MUHAMMAD ZULQARNAIN, S.H., M.H.",ttd-tunggal,9,279,14954
2509_Pdt.P_2026_PN Sby.pdf,2509_Pdt.P_2026_PN Sby.pdf,aktif,,2509/Pdt.P/2026,2509/Pdt.P/2026,ya,2026,Pdt.P,Sby,,,"Adistya Fansriayu, S.H.",ttd-tunggal,9,309,17107
2518_Pdt.P_2026_PN Sby.pdf,2518_Pdt.P_2026_PN Sby.pdf,aktif,,2518/Pdt.P/2026,2518/Pdt.P/2026,ya,2026,Pdt.P,Sby,,,"ALEX ADAM FAISAL, S.H., M.H.",ttd-tunggal,14,458,24061
2522_Pdt.P_2025_PN Sby.pdf,2522_Pdt.P_2025_PN Sby.pdf,aktif,,2522/Pdt.P/2025,2522/Pdt.P/2025,ya,2025,Pdt.P,Sby,,,"Susiana, S.H., M.H",ttd-tunggal,8,302,16733
2523_Pdt.P_2026_PN Sby.pdf,2523_Pdt.P_2026_PN Sby.pdf,aktif,,2523/Pdt.P/2026,2523/Pdt.P/2026,ya,2026,Pdt.P,Sby,,,"Edi Saputra Pelawi, S.H., M.H.",ttd-tunggal,13,395,20444
2524_Pdt.P_2026_PN Sby.pdf,2524_Pdt.P_2026_PN Sby.pdf,aktif,,2524/Pdt.P/2026,2524/Pdt.P/2026,ya,2026,Pdt.P,Sby,,,"Ira Wati, S.H., M.K",ttd-tunggal,10,269,14404
2525_Pdt.P_2026_PN Sby.pdf,2525_Pdt.P_2026_PN Sby.pdf,aktif,,2525/Pdt.P/2026,2525/Pdt.P/2026,ya,2026,Pdt.P,Sby,,,"S.H., M.H",oleh-kami-tunggal,7,266,13318
2528_Pdt.P_2026_PN Sby.pdf,2528_Pdt.P_2026_PN Sby.pdf,aktif,,2528/Pdt.P/2026,2528/Pdt.P/2026,ya,2026,Pdt.P,Sby,,,"Mochamad Arif Satiyo Widodo, S.H., M.H.",ttd-tunggal,10,306,17437
2534_Pdt.P_2026_PN Sby.pdf,2534_Pdt.P_2026_PN Sby.pdf,aktif,,2534/Pdt.P/2026,2534/Pdt.P/2026,ya,2026,Pdt.P,Sby,,,"Nur Kholis, S.H., M.H.",ttd-tunggal,8,251,12254
2535_Pdt.P_2026_PN Sby.pdf,2535_Pdt.P_2026_PN Sby.pdf,aktif,,2535/Pdt.P/2026,2535/Pdt.P/2026,ya,2026,Pdt.P,Sby,,,"Sarlota Marselina Suek, S.H.",ttd-tunggal,7,277,13992
253_Pdt.G_2026_PN Sby.pdf,253_Pdt.G_2026_PN Sby.pdf,aktif,,253/Pdt.G/2026,253/Pdt.G/2026,ya,2026,Pdt.G,Sby,"Ardiani, S.H.","Nyoman Ayu Wulandari, S.H., M.H.; Antyo Harri Susetyo, S.H.",,oleh-kami,43,1433,79448
2553_Pdt.P_2026_PN Sby.pdf,2553_Pdt.P_2026_PN Sby.pdf,aktif,,2553/Pdt.P/2026,2553/Pdt.P/2026,ya,2026,Pdt.P,Sby,,,"Muhammad Sukamto, S.H., M.H.",ttd-tunggal,16,503,28915
2554_Pdt.P_2026_PN Sby.pdf,2554_Pdt.P_2026_PN Sby.pdf,aktif,,2554/Pdt.P/2026,2554/Pdt.P/2026,ya,2026,Pdt.P,Sby,,,"S.Pujiono, S.H., M.H",tunggal-kalimat,9,302,17282
2557_Pdt.P_2026_PN Sby.pdf,2557_Pdt.P_2026_PN Sby.pdf,aktif,,2557/Pdt.P/2026,2557/Pdt.P/2026,ya,2026,Pdt.P,Sby,,,"ARDIANI, S.H.",oleh-kami-tunggal,14,470,23011
2558_Pdt.P_2026_PN Sby.pdf,2558_Pdt.P_2026_PN Sby.pdf,aktif,,2558/Pdt.P/2026,,,2026,Pdt.P,Sby,,,"Ida Ayu Widyarini, S.H., M.H",ttd-tunggal,11,373,18535
2559_Pdt.P_2026_PN Sby.pdf,2559_Pdt.P_2026_PN Sby.pdf,aktif,,2559/Pdt.P/2026,2559/Pdt.P/2026,ya,2026,Pdt.P,Sby,,,"Betsji Siske Manoe, S.H., M.H",ttd-tunggal,9,299,16549
2567_Pdt.P_2026_PN Sby.pdf,2567_Pdt.P_2026_PN Sby.pdf,aktif,,2567/Pdt.P/2026,2567/Pdt.P/2026,ya,2026,Pdt.P,Sby,,,"Ratna Dianing Wulansari, S.H., M.H.",ttd-tunggal,11,340,18093
2569_Pdt.P_2026_PN Sby.pdf,2569_Pdt.P_2026_PN Sby.pdf,aktif,,2569/Pdt.P/2026,2569/Pdt.P/2026,ya,2026,Pdt.P,Sby,,,"Sih Yuliarti, S.H.",oleh-kami-tunggal,8,252,13617
2572_Pdt.P_2026_PN Sby.pdf,2572_Pdt.P_2026_PN Sby.pdf,aktif,,2572/Pdt.P/2026,,,2026,Pdt.P,Sby,,,"Djulita Tandi Massora, S.H.,M.H.",ttd-tunggal,10,251,13837
2573_Pdt.P_2026_PN Sby.pdf,2573_Pdt.P_2026_PN Sby.pdf,aktif,,2573/Pdt.P/2026,2573/Pdt.P/2026,ya,2026,Pdt.P,Sby,,,"Ega Shaktiana, S.H., M.H.",ttd-tunggal,8,267,14673
2577_Pdt.P_2026_PN Sby.pdf,2577_Pdt.P_2026_PN Sby.pdf,aktif,,2577/Pdt.P/2026,2577/Pdt.P/2026,ya,2026,Pdt.P,Sby,,,"Ni Putu Sri Indayani, S.H.,M.H.",ttd-tunggal,13,400,21841
2578_Pdt.P_2026_PN Sby.pdf,2578_Pdt.P_2026_PN Sby.pdf,aktif,,2578/Pdt.P/2026,2578/Pdt.P/2026,ya,2026,Pdt.P,Sby,,,"Lina Nurwidiyati, S.H.,M.H.",ttd-tunggal,9,297,16327
2581_Pdt.P_2026_PN Sby.pdf,2581_Pdt.P_2026_PN Sby.pdf,aktif,,2581/Pdt.P/2026,2581/Pdt.P/2026,ya,2026,Pdt.P,Sby,,,"Ega Shaktiana, S.H., M.H",ttd-tunggal,12,359,19841
2582_Pdt.P_2026_PN Sby.pdf,2582_Pdt.P_2026_PN Sby.pdf,aktif,,2582/Pdt.P/2026,,,2026,Pdt.P,Sby,,,"Betsji Siske Manoe, S.H., M.H.",oleh-kami-tunggal,8,275,14928
2587_Pdt.P_2026_PN Sby.pdf,2587_Pdt.P_2026_PN Sby.pdf,aktif,,2587/Pdt.P/2026,2587/Pdt.P/2026,ya,2026,Pdt.P,Sby,,,"Mohammad Heru Gunawan, S.H., M.H.",ttd-tunggal,3,82,4032
2588_Pdt.P_2026_PN Sby.pdf,2588_Pdt.P_2026_PN Sby.pdf,aktif,,2588/Pdt.P/2026,,,2026,Pdt.P,Sby,,,"Djulita Tandi Massora, S.H.,M.H.",ttd-tunggal,9,272,15741
2589_Pdt.P_2026_PN Sby.pdf,2589_Pdt.P_2026_PN Sby.pdf,aktif,,2589/Pdt.P/2026,2589/Pdt.P/2026,ya,2026,Pdt.P,Sby,,,"I Made Yuliada, S.H., M.H",ttd-tunggal,3,76,4135
2594_Pdt.P_2026_PN Sby.pdf,2594_Pdt.P_2026_PN Sby.pdf,aktif,,2594/Pdt.P/2026,2594/Pdt.P/2026,ya,2026,Pdt.P,Sby,,,"Djulita Tandi Massora, S.H., M.H.",ttd-tunggal,9,276,15510
2596_Pdt.P_2026_PN Sby.pdf,2596_Pdt.P_2026_PN Sby.pdf,aktif,,2596/Pdt.P/2026,,,2026,Pdt.P,Sby,,,"Djulita Tandi Massora, S.H., M.H.",ttd-tunggal,10,300,15201
2600_Pdt.P_2026_PN Sby.pdf,2600_Pdt.P_2026_PN Sby.pdf,aktif,,2600/Pdt.P/2026,2600/Pdt.P/2026,ya,2026,Pdt.P,Sby,,,"Ernawati Anwar, S.H.,M.H.",ttd-tunggal,12,353,19855
2604_Pdt.P_2026_PN Sby.pdf,2604_Pdt.P_2026_PN Sby.pdf,aktif,,2604/Pdt.P/2026,2604/Pdt.P/2026,ya,2026,Pdt.P,Sby,,,"Sih Yuliarti, S.H.",oleh-kami-tunggal,9,274,14776
2607_Pdt.P_2026_PN Sby.pdf,2607_Pdt.P_2026_PN Sby.pdf,aktif,,2607/Pdt.P/2026,,,2026,Pdt.P,Sby,,,"Ferdinand Marcus Leander, S.H.,M.H.",ttd-tunggal,10,355,19387
2608_Pdt.P_2026_PN Sby.pdf,2608_Pdt.P_2026_PN Sby.pdf,aktif,,2608/Pdt.P/2026,2608/Pdt.P/2026,ya,2026,Pdt.P,Sby,,,"Djulita Tandi Massora, S.H., M.H.",ttd-tunggal,12,369,20545
2609_Pdt.P_2026_PN Sby.pdf,2609_Pdt.P_2026_PN Sby.pdf,aktif,,2609/Pdt.P/2026,2609/Pdt.P/2026,ya,2026,Pdt.P,Sby,,,"Ega Shaktiana, S.H., M.H.",ttd-tunggal,9,311,17398
2610_Pdt.P_2026_PN Sby.pdf,2610_Pdt.P_2026_PN Sby.pdf,aktif,,2610/Pdt.P/2026,2610/Pdt.P/2026,ya,2026,Pdt.P,Sby,,,"Betsji Siske Manoe, S.H., M.H.",ttd-tunggal,10,307,16693
2615_Pdt.P_2026_PN Sby.pdf,2615_Pdt.P_2026_PN Sby.pdf,aktif,,2615/Pdt.P/2026,2615/Pdt.P/2026,ya,2026,Pdt.P,Sby,,,"Sih Yuliarti, S.H.",oleh-kami-tunggal,4,132,6857
2616_Pdt.P_2026_PN Sby.pdf,2616_Pdt.P_2026_PN Sby.pdf,aktif,,2616/Pdt.P/2026,2616/Pdt.P/2026,ya,2026,Pdt.P,Sby,,,"Muhammad Sukamto, S.H., M.H.",ttd-tunggal,11,344,18313
2618_Pdt.P_2026_PN Sby.pdf,2618_Pdt.P_2026_PN Sby.pdf,aktif,,2618/Pdt.P/2026,2618/Pdt.P/2026,ya,2026,Pdt.P,Sby,,,"Susanawati, SH.,MH.",ttd-tunggal,3,76,3694
2619_Pdt.P_2026_PN Sby.pdf,2619_Pdt.P_2026_PN Sby.pdf,aktif,,2619/Pdt.P/2026,,,2026,Pdt.P,Sby,,,"Djulita Tandi Massora, S.H.,M.H.",ttd-tunggal,11,287,16216
2620_Pdt.P_2026_PN Sby.pdf,2620_Pdt.P_2026_PN Sby.pdf,aktif,,2620/Pdt.P/2026,2620/Pdt.P/2026,ya,2026,Pdt.P,Sby,,,"Lina Nurwidiyati, S.H., M.H.",ttd-tunggal,10,289,16483
2624_Pdt.P_2026_PN Sby.pdf,2624_Pdt.P_2026_PN Sby.pdf,aktif,,2624/Pdt.P/2026,2624/Pdt.P/2026,ya,2026,Pdt.P,Sby,,,"Safruddin, S.H., M.H.",ttd-tunggal,9,304,17878
2626_Pdt.P_2026_PN Sby.pdf,2626_Pdt.P_2026_PN Sby.pdf,aktif,,2626/Pdt.P/2026,2626/Pdt.P/2026,ya,2026,Pdt.P,Sby,,,"Safruddin, S.H., M.H.",ttd-tunggal,10,310,18257
2629_Pdt.P_2026_PN Sby.pdf,2629_Pdt.P_2026_PN Sby.pdf,aktif,,2629/Pdt.P/2026,2629/Pdt.P/2026,ya,2026,Pdt.P,Sby,,,"Rina Indrajanti, S.H., M.H.",ttd-tunggal,10,343,18526
2631_Pdt.P_2026_PN Sby.pdf,2631_Pdt.P_2026_PN Sby.pdf,aktif,,2631/Pdt.P/2026,2631/Pdt.P/2026,ya,2026,Pdt.P,Sby,,,"Ega Shaktiana, S.H., M.H.",ttd-tunggal,8,256,13868
2632_Pdt.P_2026_PN Sby.pdf,2632_Pdt.P_2026_PN Sby.pdf,aktif,,2632/Pdt.P/2026,2632/Pdt.P/2026,ya,2026,Pdt.P,Sby,,,"Alex Adam Faisal, S.H., M.H.",oleh-kami-tunggal,10,309,17146
2636_Pdt.P_2026_PN Sby.pdf,2636_Pdt.P_2026_PN Sby.pdf,aktif,,2636/Pdt.P/2026,2636/Pdt.P/2026,ya,2026,Pdt.P,Sby,,,"Sih Yuliarti, S.H.",oleh-kami-tunggal,11,347,18573
263_Pdt.G_2026_PN Sby.pdf,263_Pdt.G_2026_PN Sby.pdf,aktif,,263/Pdt.G/2026,263/Pdt.G/2026,ya,2026,Pdt.G,Sby,"Nur Kholis, SH., MH.","Ernawati Anwar, SH., M.H.; Cokia Ana Pontia Opposunggu, S.H., M.H.",,oleh-kami,58,2064,112445
2645_Pdt.P_2026_PN Sby.pdf,2645_Pdt.P_2026_PN Sby.pdf,aktif,,2645/Pdt.P/2026,2645/Pdt.P/2026,ya,2026,Pdt.P,Sby,,,"Ega Shaktiana, S.H, M.H.",oleh-kami-tunggal,14,433,22239
2650_Pdt.P_2026_PN Sby.pdf,2650_Pdt.P_2026_PN Sby.pdf,aktif,,2650/Pdt.P/2026,2650/Pdt.P/2026,ya,2026,Pdt.P,Sby,,,"Ni Putu Sri Indayani, S.H., M.H.",ttd-tunggal,11,325,19394
2651_Pdt.P_2026_PN Sby.pdf,2651_Pdt.P_2026_PN Sby.pdf,aktif,,2651/Pdt.P/2026,2651/Pdt.P/2026,ya,2026,Pdt.P,Sby,,,"Sih Yuliarti, S.H.",oleh-kami-tunggal,8,263,14600
2653_Pdt.P_2026_PN Sby.pdf,2653_Pdt.P_2026_PN Sby.pdf,aktif,,2653/Pdt.P/2026,2653/Pdt.P/2026,ya,2026,Pdt.P,Sby,,,"Lina Nurwidiyati, S.H., M.H.",ttd-tunggal,8,301,15936
2654_Pdt.P_2026_PN Sby.pdf,2654_Pdt.P_2026_PN Sby.pdf,aktif,,2654/Pdt.P/2026,2654/Pdt.P/2026,ya,2026,Pdt.P,Sby,,,"Ferdinand Marcus Leander, S.H., M.H.",oleh-kami-tunggal,13,429,22936
2661_Pdt.P_2026_PN Sby.pdf,2661_Pdt.P_2026_PN Sby.pdf,aktif,,2661/Pdt.P/2026,2661/Pdt.P/2026,ya,2026,Pdt.P,Sby,,,"Irlina, S.H., M.H.",ttd-tunggal,8,278,15972
2667_Pdt.P_2026_PN Sby.pdf,2667_Pdt.P_2026_PN Sby.pdf,aktif,,2667/Pdt.P/2026,2667/Pdt.P/2026,ya,2026,Pdt.P,Sby,,,"Ni Putu Sri Indayani, S.H., M.H.",ttd-tunggal,11,336,18204
2668_Pdt.P_2026_PN Sby.pdf,2668_Pdt.P_2026_PN Sby.pdf,aktif,,2668/Pdt.P/2026,2668/Pdt.P/2026,ya,2026,Pdt.P,Sby,,,"Sih Yuliarti, S.H.",oleh-kami-tunggal,8,258,13841
2671_Pdt.P_2026_PN Sby.pdf,2671_Pdt.P_2026_PN Sby.pdf,aktif,,2671/Pdt.P/2026,2671/Pdt.P/2026,ya,2026,Pdt.P,Sby,,,"Ferdinand Marcus Leander, S.H., M.H.",ttd-tunggal,10,325,18153
2672_Pdt.P_2026_PN Sby.pdf,2672_Pdt.P_2026_PN Sby.pdf,aktif,,2672/Pdt.P/2026,2672/Pdt.P/2026,ya,2026,Pdt.P,Sby.,,,"Agus Cakra Nugraha, S.H.,M.H.",ttd-tunggal,17,548,31512
2674_Pdt.P_2026_PN Sby.pdf,2674_Pdt.P_2026_PN Sby.pdf,aktif,,2674/Pdt.P/2026,2674/Pdt.P/2026,ya,2026,Pdt.P,Sby,,,"TEGUH SANTOSO, S.H.",ttd-tunggal,10,291,15418
2675_Pdt.P_2026_PN Sby.pdf,2675_Pdt.P_2026_PN Sby.pdf,aktif,,2675/Pdt.P/2026,2675/Pdt.P/2026,ya,2026,Pdt.P,Sby,,,"Ega Shaktiana, S.H., M.H.",ttd-tunggal,10,319,18069
2695_Pdt.P_2026_PN Sby.pdf,2695_Pdt.P_2026_PN Sby.pdf,aktif,,2695/Pdt.P/2026,2695/Pdt.P/2026,ya,2026,Pdt.P,Sby,,,"Susanti, S.E., S.H., M.H.",ttd-tunggal,5,180,9933
2696_Pdt.P_2026_PN Sby.pdf,2696_Pdt.P_2026_PN Sby.pdf,aktif,,2696/Pdt.P/2026,2696/Pdt.P/2026,ya,2026,Pdt.P,Sby,,,"Susanti, S.E., S.H., M.H.",ttd-tunggal,6,211,11767
2697_Pdt.P_2026_PN Sby.pdf,2697_Pdt.P_2026_PN Sby.pdf,aktif,,2697/Pdt.P/2026,2697/Pdt.P/2026,ya,2026,Pdt.P,Sby,,,"Susanti, S.E., S.H., M.H.",ttd-tunggal,6,197,11175
2699_Pdt.P_2026_PN Sby.pdf,2699_Pdt.P_2026_PN Sby.pdf,aktif,,2699/Pdt.P/2026,2699/Pdt.P/2026,ya,2026,Pdt.P,Sby,,,"Susanti, S.E., S.H., M.H.",ttd-tunggal,2,48,2327
26_Pid.Sus_2018_PN SBY.pdf,26_Pid.Sus_2018_PN SBY.pdf,aktif,,26/Pid.Sus/2018,,,2018,Pid.Sus,SBY.,"Dewi Iswani, SH.","Maxi Sigarlaki, SH.; Rochmad, S.H.",,oleh-kami,17,465,25512
2700_Pdt.P_2026_PN Sby.pdf,2700_Pdt.P_2026_PN Sby.pdf,aktif,,2700/Pdt.P/2026,2700/Pdt.P/2026,ya,2026,Pdt.P,Sby,,,"Susanti, S.E., S.H., M.H.",ttd-tunggal,2,48,2333
2702_Pdt.P_2026_PN Sby.pdf,2702_Pdt.P_2026_PN Sby.pdf,aktif,,2702/Pdt.P/2026,2702/Pdt.P/2026,ya,2026,Pdt.P,Sby,,,"Susanti, S.E., S.H., M.H.",ttd-tunggal,2,47,2307
2711_Pdt.P_2026_PN Sby.pdf,2711_Pdt.P_2026_PN Sby.pdf,aktif,,2711/Pdt.P/2026,2711/Pdt.P/2026,ya,2026,Pdt.P,Sby,,,"Ernawati Anwar, S.H.,M.H.",ttd-tunggal,10,295,16376
2724_Pdt.P_2026_PN Sby.pdf,2724_Pdt.P_2026_PN Sby.pdf,aktif,,2724/Pdt.P/2026,2724/Pdt.P/2026,ya,2026,Pdt.P,Sby,,,"Ernawati Anwar, S.H.,M.H.",ttd-tunggal,11,308,17833
2738_Pdt.P_2026_PN Sby.pdf,2738_Pdt.P_2026_PN Sby.pdf,aktif,,2738/Pdt.P/2026,2738/Pdt.P/2026,ya,2026,Pdt.P,Sby,,,"Ernawati Anwar, S.H.,M.H.",ttd-tunggal,10,317,16688
2753_Pdt.P_2026_PN Sby.pdf,2753_Pdt.P_2026_PN Sby.pdf,aktif,,2753/Pdt.P/2026,2753/Pdt.P/2026,ya,2026,Pdt.P,Sby,,,"Ernawati Anwar, S.H.,M.H.",ttd-tunggal,10,294,17155
2779_Pid.B_2017_PN SBY.pdf,2779_Pid.B_2017_PN SBY.pdf,aktif,,2779/Pid.B/2017,,,2017,Pid.B,Sby,,,"AGUS HAMZAH, SH., MH.",ttd-tunggal,19,702,44189
2782_Pid.Sus_2017_PN SBY.pdf,2782_Pid.Sus_2017_PN SBY.pdf,aktif,,2782/Pid.Sus/2017,2782/Pid.Sus/2017,ya,2017,Pid.Sus,SBY,"FX Hanung Dwi Wibowo, SH.,MH.","Isjuaedi, SH.,MH.; Agus Hamzah, SH.,MH.",,oleh-kami,13,463,25217
2857_Pid.B_2017_PN SBY.pdf,2857_Pid.B_2017_PN SBY.pdf,aktif,,2857/Pid.B/2017,2867/PID.B/2017,tidak,2017,Pid.B,Sby.,"H.R. UNGGUL WARSO MURTI, SH., MH.","TIMUR PRADOKO, SH.",,ttd-majelis,30,1142,72081
2864_Pid.B_2017_PN SBY.pdf,2864_Pid.B_2017_PN SBY.pdf,aktif,,2864/Pid.B/2017,2864/Pid.B/2017,ya,2017,Pid.B,SBY,"SH.,MH.","Isjuaedi, SH.,MH.; Agus Hamzah, S.H.,M.H.",,oleh-kami,10,354,20491
28_Pid.Pra_2026_PN Sby.pdf,28_Pid.Pra_2026_PN Sby.pdf,aktif,,28/Pid.Pra/2026,28/Pid.Pra/2026,ya,2026,Pid.Pra,Sby,,,DALAM EKSE,ttd-tunggal,20,770,43194
291_Pid.Sus_2018_PN SBY.pdf,291_Pid.Sus_2018_PN SBY.pdf,aktif,,291/Pid.Sus/2018,,,2018,Pid.Sus,Sby,"ANNE RUSIANA,SH.","PUJO SAKSONO, SH.; DWI PURWADI, SH.",,oleh-kami,15,573,33782
3058_Pid.B_2017_PN SBY.pdf,3058_Pid.B_2017_PN SBY.pdf,aktif,,3058/Pid.B/2017,,,2017,Pid.B,Sby,"PPH SITORUS, SH.","HARIJANTO, SH.; SIGIT SUTRIONO, SH.",,oleh-kami,7,280,13884
3080_Pid.Sus_2017_PN SBY.pdf,3080_Pid.Sus_2017_PN SBY.pdf,aktif,,3080/Pid.Sus/2017,3080/Pid.Sus/2017,ya,2017,Pid.Sus,SBY,"Isjuaedi, S.H.,M.H","S.H.,M.H.; FX Hanung Dwi Wibowo, S.H.,M.H.",,oleh-kami,14,497,26832
3089_Pid.B_2017_PN SBY.pdf,3089_Pid.B_2017_PN SBY.pdf,aktif,,3089/Pid.B/2017,,,2017,Pid.B,SBY.,"SAKSONO, SH.,MH.","H HISBULLAH IDRIS, SH.,MH",,ttd-majelis,41,1586,95942
3099_Pid.B_2017_PN SBY.pdf,3099_Pid.B_2017_PN SBY.pdf,aktif,,3099/Pid.B/2017,3099/Pid.B/2017,ya,2017,Pid.B,Sby,,,SH.MH.,ttd-tunggal,19,727,38514
3107_Pid.Sus_2017_PN SBY.pdf,3107_Pid.Sus_2017_PN SBY.pdf,aktif,,3107/Pid.Sus/2017,,,2017,Pid.Sus,Sby,"SH., MH.","UROSIDIN, SH., MH.",,ttd-majelis,17,592,36402
3116_Pid.B_2017_PN SBY.pdf,3116_Pid.B_2017_PN SBY.pdf,aktif,,3116/Pid.B/2017,3116/Pid.B/2017,ya,2017,Pid.B,Sby.,"AGUS HAMZAH, S.H.,M.H.","FX. HANUNG DWI WIBOWO, S.H.,M.H.; UROSIDIN, S.H.,M.H.",,oleh-kami,13,461,26348
3119_Pid.Sus_2017_PN SBY.pdf,3119_Pid.Sus_2017_PN SBY.pdf,aktif,,3119/Pid.Sus/2017,3119/Pid.Sus/2017,ya,2017,Pid.Sus,SBY,"R Anton Widyopriyono, S.H.","Maxi Sigarlaki, S.H.; Dewi Iswani, S.H.",,oleh-kami,14,532,27891
3120_Pdt.P_2025_PN Sby.pdf,3120_Pdt.P_2025_PN Sby.pdf,aktif,,3120/Pdt.P/2025,3120/Pdt.P/2025,ya,2025,Pdt.P,Sby,,,"Ida Ayu Widyarini, S.H., M.H",ttd-tunggal,7,244,12771
3162_Pid.B_2017_PN SBY.pdf,3162_Pid.B_2017_PN SBY.pdf,exclude,nomor nama file (3162) != nomor isi (3150),3150/Pid.B/2017,,,2017,Pid.B,SBY.,"F.X HANUNG DWI W., SH.,MH.","Majelis ISJUAEDI, SH.; AGUS HAMZAH, SH.",,oleh-kami,23,719,45833
318_Pdt.Bth_2026_PN Sby.pdf,318_Pdt.Bth_2026_PN Sby.pdf,aktif,,318/Pdt.Bth/2026,318/Pdt.Bth/2026,ya,2026,Pdt.Bth,Sby,"Wiyanto, S.H., M.H.","Alex Adam Faisal, S.H., M.H.; Erly Soelistyarini, S.H., M.H",,oleh-kami,53,1757,98236
31_Pid.Sus_2018_PN SBY.pdf,31_Pid.Sus_2018_PN SBY.pdf,aktif,,31/Pid.Sus/2018,,,2018,Pid.Sus,SBY.,"Dewi Iswani, SH.","Maxi Sigarlaki, SH.; Rochmad, S.H.",,oleh-kami,37,1009,49506
3278_Pid.Sus_2017_PN SBY.pdf,3278_Pid.Sus_2017_PN SBY.pdf,aktif,,3278/Pid.Sus/2017,3278/Pid.Sus/2017,ya,2017,Pid.Sus,Sby.,"AGUS HAMZAH, S.H.,M.H.","FX. HANUNG DWI WIBOWO, S.H.,M.H.; ISJUAEDI, S.H.,M.H.",,oleh-kami,31,1198,73307
3485_Pid.B_2017_PN SBY.pdf,3485_Pid.B_2017_PN SBY.pdf,aktif,,3485/Pid.B/2017,,,2017,Pid.B,Sby,"SH., MH.","AGUS HAMZAH, SH., MH.",,ttd-majelis,31,1177,72087
3502_Pid.Sus_2017_PN SBY.pdf,3502_Pid.Sus_2017_PN SBY.pdf,aktif,,3502/Pid.Sus/2017,3502/Pid.Sus/2017,ya,2017,Pid.Sus,SBY,"Agus Hamzah, S.H.,M.H.","FX Hanung Dwi Wibowo, SH.,MH.; SH.,MH.",,oleh-kami,20,749,44113
3518_Pid.B_2017_PN SBY.pdf,3518_Pid.B_2017_PN SBY.pdf,aktif,,3518/Pid.B/2017,,,2017,Pid.B,Sby,"Maxi Sigarlaki, SH.","Rochmad, S.H.; R. Anton Widyopriyono, SH.",,oleh-kami,23,867,56610
3524_Pid.B_2017_PN SBY.pdf,3524_Pid.B_2017_PN SBY.pdf,aktif,,3524/Pid.B/2017,3524/Pid.B/2017,ya,2017,Pid.B,Sby,"AGUS HAMZAH, S.H.,M.H.","FX. HANUNG DWI WIBOWO, S.H.,M.H.; UROSIDIN, S.H.,M.H.",,oleh-kami,9,310,17841
354_Pdt.Bth_2026_PN Sby.pdf,354_Pdt.Bth_2026_PN Sby.pdf,aktif,,354/Pdt.Bth/2026,354/Pdt.Bth/2026,ya,2026,Pdt.Bth,Sby,"Antyo Harri Susetyo, S.H.","Hj. Ardiani, S.H.; Ira Wati, S.H., M.K",,oleh-kami,41,1405,75872
3569_Pid.Sus_2017_PN SBY.pdf,3569_Pid.Sus_2017_PN SBY.pdf,aktif,,3569/Pid.Sus/2017,,,2017,Pid.Sus,SBY.,"Maxi Sigarlaki, SH.","Rochmad, S.H.; R. Anton Widyopriyono, SH.",,oleh-kami,26,723,37579
3626_Pid.Sus_2017_PN SBY.pdf,3626_Pid.Sus_2017_PN SBY.pdf,aktif,,3626/Pid.Sus/2017,,,2017,Pid.Sus,Sby,"YULISAR, SH.","SIGIT SUTRIONO, SH.; PPH SITORUS, SH.",,oleh-kami,11,409,20666
3628_Pid.Sus_2017_PN SBY.pdf,3628_Pid.Sus_2017_PN SBY.pdf,aktif,,3628/Pid.Sus/2017,3628/Pid.Sus/2017,ya,2017,Pid.Sus,SBY,"S.H.,M.H","FX Hanung Dwi Wibowo, S.H.,M.H.; Agus Hamzah, SH.,MH.",,oleh-kami,13,440,24719
3686_Pid.B_2017_PN SBY.pdf,3686_Pid.B_2017_PN SBY.pdf,aktif,,3686/Pid.B/2017,3686/Pid.B/2017,ya,2017,Pid.B,SBY,"Sifa'urosidin, S.H.","Isjuaedi, S.H.; Agus Hamzah, S.H., M.H.",,oleh-kami,43,1693,87834
3689_Pid.Sus_2017_PN SBY.pdf,3689_Pid.Sus_2017_PN SBY.pdf,aktif,,3689/Pid.Sus/2017,,,2017,Pid.Sus,Sby,"UROSIDIN, S.H.,M.H.","FX. HANUNG DWI WIBOWO, S.H.,M.H.; AGUS HAMZAH, S.H.,M.H.",,oleh-kami,14,490,28516
3708_Pid.B_2017_PN SBY.pdf,3708_Pid.B_2017_PN SBY.pdf,aktif,,3708/Pid.B/2017,3708/Pid.B/2017,ya,2017,Pid.B,Sby,"Manoppo, SH., MH.","Slamet Riadi, SH., MH.",,ttd-majelis,8,284,14528
370_Pdt.G_2026_PN Sby.pdf,370_Pdt.G_2026_PN Sby.pdf,aktif,,370/Pdt.G/2026,370/Pdt.G/2026,ya,2026,Pdt.G,Sby,"Ratna Dianing Wulansari, S.H., M.H.","Ni Putu Sri Indayani, S.H.,M.H.; I Made Yuliada, S.H., M.H.",,oleh-kami,19,617,32130
3730_Pid.B_2017_PN SBY.pdf,3730_Pid.B_2017_PN SBY.pdf,aktif,,3730/Pid.B/2017,,,2017,Pid.B,Sby,"R. Anton Widyopriyono, SH.","Maxi Sigarlaki, SH.; Dewi Iswani, SH.",,oleh-kami,18,666,44101
3749_Pid.B_2017_PN SBY.pdf,3749_Pid.B_2017_PN SBY.pdf,exclude,nomor nama file (3749) != nomor isi (113),113/Pid.B/2018,113/Pid.B/2018,ya,2018,Pid.B,SBY,"Agus Hamzah, SH.,MH.","Isjuaedi, SH.,MH.; S.H.,M.H.",,oleh-kami,13,472,27813
374_Pdt.G_2017_PN SBY.pdf,374_Pdt.G_2017_PN SBY.pdf,aktif,,374/Pdt.G/2017,374/Pdt.G/2017,ya,2017,Pdt.G,Sby.,,,"WIBAWATI,SH.",ttd-tunggal,23,746,42203
3751_Pid.B_2017_PN SBY.pdf,3751_Pid.B_2017_PN SBY.pdf,aktif,,3751/Pid.B/2017,3751/Pid.B/2017,ya,2017,Pid.B,Sby,"UROSIDIN, S.H.,M.H.","FX. HANUNG DWI WIBOWO, S.H.,M.H.; AGUS HAMZAH, S.H.,M.H.",,oleh-kami,15,550,32453
376_Pdt.G_2026_PN Sby.pdf,376_Pdt.G_2026_PN Sby.pdf,aktif,,376/Pdt.G/2026,376/Pdt.G/2026,ya,2026,Pdt.G,Sby,"Ernawati Anwar,S.H.,M.H.","Cokia Ana Pontia Oppusunggu, S.H., M.H.; Irlina, S.H., M.H.",,oleh-kami,71,2287,126967
3784_Pid.Sus_2017_PN SBY.pdf,3784_Pid.Sus_2017_PN SBY.pdf,aktif,,3784/Pid.Sus/2017,,,2017,Pid.Sus,SBY,"SH.,MH","H HISBULLAH IDRIS, SH.,MH",,ttd-majelis,12,468,27834
3824_Pid.B_2017_PN SBY.pdf,3824_Pid.B_2017_PN SBY.pdf,aktif,,3824/Pid.B/2017,,,2017,Pid.B,Sby,"UROSIDIN, SH.,MH.","Majelis HANUNG DWI W., SH.; AGUS HAMZAH, SH.",,oleh-kami,1,55,3062
3825_Pid.B_2017_PN SBY.pdf,3825_Pid.B_2017_PN SBY.pdf,aktif,,3825/Pid.B/2017,3825/Pid.B/2017,ya,2017,Pid.B,Sby,"UROSIDIN, S.H.,M.H.","ISJUAEDI, S.H.,M.H.; AGUS HAMZAH, S.H.,M.H.",,oleh-kami,10,357,20135
3828_Pid.Sus_2017_PN SBY.pdf,3828_Pid.Sus_2017_PN SBY.pdf,aktif,,3828/Pid.Sus/2017,,,2017,Pid.Sus,Sby,,,"AGUS HAMZAH, SH., MH.",ttd-tunggal,11,400,23066
3882_Pid.Sus_2017_PN SBY.pdf,3882_Pid.Sus_2017_PN SBY.pdf,aktif,flag: jenis nama file (PIDSUS) != jenis isi (PIDB),3882/Pid.B/2017,,,2017,Pid.B,Sby.,,,"YUNAWATI, SH",ttd-tunggal,17,553,34231
3886_Pid.B_2017_PN SBY.pdf,3886_Pid.B_2017_PN SBY.pdf,aktif,,3886/Pid.B/2017,3886/Pid.B/2017,ya,2017,Pid.B,Sby.,"R. ANTON WIDYOPRIONO, SH., MH.","ROCHMAD, SH., MH; DEWI ISWANI. SH. , MH.",,oleh-kami,20,764,46925
3906_Pid.Sus_2017_PN SBY.pdf,3906_Pid.Sus_2017_PN SBY.pdf,aktif,,3906/Pid.Sus/2017,,,2017,Pid.Sus,Sby,"UROSIDIN, S.H.,M.H.","ISJUAEDI, S.H.,M.H.; FX. HANUNG DWI WIBOWO, S.H.,M.H.",,oleh-kami,24,785,46403
397_Pdt.G_2017_PN SBY.pdf,397_Pdt.G_2017_PN SBY.pdf,aktif,,397/Pdt.G/2017,397/Pdt.G/2017,ya,2017,Pdt.G,SBY,"Jihad Arkanuddin, SH.","Sarwedi, SH.; Jan Manoppo, SH.",,oleh-kami,39,1129,55706
424_Pid.Sus_2018_PN SBY.pdf,424_Pid.Sus_2018_PN SBY.pdf,aktif,,424/Pid.Sus/2018,,,2018,Pid.Sus,Sby,"SIGIT SUTRIONO, SH.","HARIJANTO, SH.; PPH SITORUS, SH.",,oleh-kami,7,277,14955
456_Pdt.G_2026_PN Sby.pdf,456_Pdt.G_2026_PN Sby.pdf,aktif,,456/Pdt.G/2026,456/Pdt.G/2026,ya,2026,Pdt.G,Sby,"Gede Putra Astawa, S.H., M.H","Agus Cakra Nugraha, S.H., M.H.; Mochamad Arif Satiyo Widodo, S.H., M.H.",,oleh-kami,11,337,18134
45_Pdt.G_2026_PN Sby.pdf,45_Pdt.G_2026_PN Sby.pdf,aktif,,45/Pdt.G/2026,45/Pdt.G/2026,ya,2026,Pdt.G,Sby,"Aloysius Priharnoto Bayuaji, S.H., M.H.","Sih Yuliarti, S.H.; Ega Shaktiana, SH.,MH",,oleh-kami,13,503,29350
515_Pdt.G_2026_PN Sby.pdf,515_Pdt.G_2026_PN Sby.pdf,aktif,,515/Pdt.G/2026,515/Pdt.G/2026,ya,2026,Pdt.G,Sby.,"Irlina, S.H., M.H.","Sugeng Harsoyo, S.H., M.H.; Nur Kholis, S.H., M.H.",,oleh-kami,5,136,6960
527_Pdt.G_2017_PN SBY.pdf,527_Pdt.G_2017_PN SBY.pdf,aktif,,527/Pdt.G/2017,527/Pdt.G/2017,ya,2017,Pdt.G,Sby.,,,"WIBAWATI,SH.",ttd-tunggal,14,422,23193
527_Pid.Sus_2018_PN SBY.pdf,527_Pid.Sus_2018_PN SBY.pdf,exclude,nomor nama file (527) != nomor isi (359),359/Pid.Sus/2016,359/Pid.Sus/2016,ya,2016,Pid.Sus,Jkt.Pst.,"KISWORO, SH.,MH.","HERU PRAKOSA, SH.,MH.; ABDUL KOHAR, SH.,MH.",,oleh-kami,13,485,28402
538_Pdt.Bth_2026_PN Sby.pdf,538_Pdt.Bth_2026_PN Sby.pdf,aktif,,538/Pdt.Bth/2026,538/Pdt.Bth/2026,ya,2026,Pdt.Bth,Sby,"Nurnaningsih Amriani, S.H., M.H.","Muhammad Zulqarnain, S.H., M.H.; Rida Nur Karima, S.H., M.H",,oleh-kami,56,1894,94405
551_Pdt.G_2026_PN Sby.pdf,551_Pdt.G_2026_PN Sby.pdf,aktif,,551/Pdt.G/2026,551/Pdt.G/2026,ya,2026,Pdt.G,Sby,"Erly Soelistyarini, S.H.,M.H","Alex Adam Faisal, S.H., M.H.; Meilia Christina Mulyaningrum, S.H.",,oleh-kami,17,571,28143
55_Pid.Sus-TPK_2026_PN Sby.pdf,55_Pid.Sus-TPK_2026_PN Sby.pdf,aktif,,55/Pid.Sus-TPK/2026,55/Pid.Sus-TPK/2026,ya,2026,Pid.Sus-TPK,Sby,"Ni Putu Sri Indayani, S.H., M.H.","Athoillah, S.H.; Ibnu Abas Ali, S.H., M.H.",,oleh-kami,702,27051,1395758
56_Pdt.G.S_2026_PN Sby.pdf,56_Pdt.G.S_2026_PN Sby.pdf,aktif,,56/Pdt.GS/2026,56/Pdt.GS/2026,ya,2026,Pdt.GS,Sby,,,"Rina Indrajanti, S.H., M.H.",ttd-tunggal,3,80,4018
57_Pdt.G.S_2026_PN Sby.pdf,57_Pdt.G.S_2026_PN Sby.pdf,aktif,,57/Pdt.G.S/2026,57/Pdt.G.S/2026,ya,2026,Pdt.G.S,Sby,,,"S.Kom.S.H.M.H. Dr. Nurnaningsih Amriani, SH.",ttd-tunggal,26,853,44927
58_Pdt.G_2026_PN Sby.pdf,58_Pdt.G_2026_PN Sby.pdf,aktif,,58/Pdt.G/2026,58/Pdt.G/2026,ya,2026,Pdt.G,Sby,"Wiyanto, S.H., M.H.","Meilia ChristinaMulyaningrum, S.H; Alex Adam Faisal, S.H.",,oleh-kami,31,1053,61744
594_Pdt.P_2026_PN Sby.pdf,594_Pdt.P_2026_PN Sby.pdf,aktif,,594/Pdt.P/2026,594/Pdt.P/2026,ya,2026,Pdt.P,Sby,,,"Nurnaningsih Amriani, S.H., M.H.",ttd-tunggal,8,261,13572
611_Pdt.G_2017_PN SBY.pdf,611_Pdt.G_2017_PN SBY.pdf,aktif,,611/Pdt.G/2017,611/Pdt.G/2017,ya,2017,Pdt.G,SBY,"HARIJANTO, SH., MH.","SIGIT SUTRIONO, SH., MH; PESTA PARTOGI HS., SH.",,oleh-kami,3,96,4610
62_Pdt.Sus-PHI_2026_PN Sby.pdf,62_Pdt.Sus-PHI_2026_PN Sby.pdf,aktif,,62/Pdt.Sus-PHI/2026,,,2026,Pdt.Sus-PHI,Sby,"Abu Achmad Sidqi Amsya, S.H.","Eko Sukaryanto, S.H., M.H.",,oleh-kami,28,935,51094
62_Pdt.Sus-PKPU_2025_PN Niaga Sby.pdf,62_Pdt.Sus-PKPU_2025_PN Niaga Sby.pdf,aktif,,62/Pdt.Sus-PKPU/2025,62/Pdt.Sus-PKPU/2025,ya,2025,Pdt.Sus-PKPU,Niaga.Sby,"Betsji Siske Manoe, S.H., M.H.","Aloysius Priharnoto Bayuaji, S.H., M.H.; Ega Shaktiana, S.H.",,oleh-kami,32,1181,55019
62_Pdt.Sus-PKPU_2026_PN Niaga Sby.pdf,62_Pdt.Sus-PKPU_2026_PN Niaga Sby.pdf,aktif,,62/Pdt.Sus-PKPU/2026,62/Pdt.Sus-PKPU/2026,ya,2026,Pdt.Sus-PKPU,Niaga Sby,,,"Nurul Evarani, S.H.",ttd-tunggal,15,504,27572
630_Pdt.G_2026_PN Sby.pdf,630_Pdt.G_2026_PN Sby.pdf,aktif,,630/Pdt.G/2026,630/Pdt.G/2026,ya,2026,Pdt.G,Sby,"Ega Shaktiana, S.H., M.H.","Aloysius Priharnoto Bayuaji, S.H.,M.H.; Sih Yuliarti, S.H",,oleh-kami,8,226,11450
64_Pdt.Sus-PHI_2026_PN Sby.pdf,64_Pdt.Sus-PHI_2026_PN Sby.pdf,aktif,,64/Pdt.Sus-PHI/2026,64/Pdt.Sus-PHI/2026,ya,2026,Pdt.Sus-PHI,Sby,,,"Lina Nurwidiyati, S.H.,M.H.",ttd-tunggal,48,1662,100591
652_Pdt.G_2026_PN Sby.pdf,652_Pdt.G_2026_PN Sby.pdf,aktif,,652/Pdt.G/2026,652/Pdt.G/2026,ya,2026,Pdt.G,Sby,"Alex Adam Faisal, S.H., M.H.","Erly Soelistyarini, S.H., M.H; Meilia Christina Mulyaningrum, S.H.",,oleh-kami,59,1925,100658
665_Pdt.G_2017_PN SBY.pdf,665_Pdt.G_2017_PN SBY.pdf,aktif,,665/PDT/G/2017,,,2017,PDT/G,Sby,WARSO MURTI SH MH,"RIFANDARU E SETIAWAN, SH",,ttd-majelis,23,853,55873
66_Pdt.G.S_2017_PN SBY.pdf,66_Pdt.G.S_2017_PN SBY.pdf,aktif,,66/Pdt.G.S/2017,,,2017,Pdt.G.S,Sby.,,,"S.H., M.H",ttd-tunggal,3,82,3482
66_Pdt.Sus-PKPU_2026_PN Niaga Sby.pdf,66_Pdt.Sus-PKPU_2026_PN Niaga Sby.pdf,aktif,,66/Pdt.Sus-PKPU/2026,66/Pdt.Sus-PKPU/2026,ya,2026,Pdt.Sus-PKPU,Niaga Sby,"Sih Yuliarti, S.H.","Aloysius Priharnoto Bayuaji, S.H., M.H.; Ega Shaktiana, S.H, M.H.",,oleh-kami,48,1825,103540
69_Pdt.Sus-PKPU_2025_PN Niaga Sby.pdf,69_Pdt.Sus-PKPU_2025_PN Niaga Sby.pdf,aktif,,69/Pdt.Sus-PKPU/2025,69/Pdt.Sus-PKPU/2025,ya,2025,Pdt.Sus-PKPU,Niaga Sby,"Ega Shaktiana, S.H., M.H.","Betsji Siske Manoe, S.H., M.H.; Aloysius Prihamoto Bayuaji, S.H.",,oleh-kami,27,913,47424
6_Pdt.Sus-HKI_Merek_2026_PN Niaga Sby.pdf,6_Pdt.Sus-HKI_Merek_2026_PN Niaga Sby.pdf,aktif,,6/Pdt.Sus-HKI/Merek/2026,,,2026,Pdt.Sus-HKI/Merek,Niaga Sby,"Muhammad Sukamto, S.H., M.H.","Betsji Siske Manoe, S.H., M.H.; Teguh Santoso, S.H.",,oleh-kami,85,3139,178116
713_Pdt.G_2026_PN Sby.pdf,713_Pdt.G_2026_PN Sby.pdf,aktif,,713/Pdt.G/2026,713/Pdt.G/2026,ya,2026,Pdt.G,Sby.,"Erly Soelistyarini, SH.","Meilia Chrstina Mulyaningrum, S.H.; Alex Adam Faisal, S.H., M.H.",,oleh-kami,17,554,29585
71_Pdt.Sus-PHI_2026_PN Sby.pdf,71_Pdt.Sus-PHI_2026_PN Sby.pdf,aktif,,71/Pdt.Sus-PHI/2026,71/Pdt.Sus-PHI/2026,ya,2026,Pdt.Sus-PHI,Sby,"Muhammad Zulqarnain, S.H., M.H.","Eko Sukaryanto, S.H., M.H.; Nursalam, S.H., M.H.",,oleh-kami,27,866,47288
71_Pdt.Sus-PKPU_2026_PN Niaga Sby.pdf,71_Pdt.Sus-PKPU_2026_PN Niaga Sby.pdf,aktif,,71/Pdt.Sus-PKPU/2026,71/Pdt.Sus-PKPU/2026,ya,2026,Pdt.Sus-PKPU,Niaga Sby,"Betsji Siske Manoe, S.H., M.H.","Teguh Santoso, S.H.; Muhammad Sukamto, S.H., M.H.",,oleh-kami,36,1252,73458
721_Pid.Sus_2026_PN Sby.pdf,721_Pid.Sus_2026_PN Sby.pdf,aktif,,721/Pid.Sus/2026,721/Pid.Sus/2026,ya,2026,Pid.Sus,Sby,"Antyo Harri Susetyo, S.H.","Nyoman Ayu Wulandari, S.H., M.H.; Ira Wati, S.H., M.K",,oleh-kami,85,3333,168609
72_Pdt.Sus-PHI_2026_PN Sby.pdf,72_Pdt.Sus-PHI_2026_PN Sby.pdf,aktif,,72/Pdt.Sus-PHI/2026,72/Pdt.Sus-PHI/2026,ya,2026,Pdt.Sus-PHI,Sby,"Muhammad Zulqarnain, S.H., M.H.","Eko Sukaryanto, S.H., M.H.; Nursalam, S.H., M.H.",,oleh-kami,23,720,39360
738_Pdt.G_2026_PN Sby.pdf,738_Pdt.G_2026_PN Sby.pdf,aktif,,738/Pdt.G/2026,738/Pdt.G/2026,ya,2026,Pdt.G,Sby,"Teguh Santoso, S.H.","Muhammad Sukamto, S.H., M.H.; Betsji Siske Manoe, S.H., M.H.",,oleh-kami,15,488,29004
73_Pdt.Sus-PHI_2026_PN Sby.pdf,73_Pdt.Sus-PHI_2026_PN Sby.pdf,aktif,,73/Pdt.Sus-PHI/2026,73/Pdt.Sus-PHI/2026,ya,2026,Pdt.Sus-PHI,Sby,"Hj. Satyawati Yun Irianti, S.H., M.H","Nursalam, S.H., M.H.; Erfan Jamil, S.H., M.H.",,oleh-kami,59,2073,120805
748_Pid.C_2025_PN Sby.pdf,748_Pid.C_2025_PN Sby.pdf,exclude,hasil scan tanpa layer teks (butuh OCR),,,,,,,,,,tidak-ditemukan,1,1,9
75_Pid.Sus_2018_PN SBY.pdf,75_Pid.Sus_2018_PN SBY.pdf,aktif,,75/Pid.Sus/2018,,,2018,Pid.Sus,Sby,"UROSIDIN, S.H.,M.H.","FX. HANUNG DWI WIBOWO, S.H.,M.H.; AGUS HAMZAH, S.H.,M.H.",,oleh-kami,16,588,33397
76_Pdt.Sus-PKPU_2025_PN Niaga Sby.pdf,76_Pdt.Sus-PKPU_2025_PN Niaga Sby.pdf,aktif,,76/Pdt.Sus-PKPU/2025,76/Pdt.Sus-PKPU/2025,ya,2025,Pdt.Sus-PKPU,Niaga Sby,"Ega Shaktiana, S.H., M.H.","Betsji Siske Manoe, S.H., M.H.; Aloysius Priharnoto Bayuaji, S.H., M.H.",,oleh-kami,70,2444,115868
772_Pdt.G_2026_PN Sby.pdf,772_Pdt.G_2026_PN Sby.pdf,aktif,,772/Pdt.G/2026,772/Pdt.G/2026,ya,2026,Pdt.G,Sby,"Rina Indrajanti, S.H., M.H.","Hj. Satyawati Yun Irianti, S.H., M.H; Safruddin, S.H., M.H.",,oleh-kami,7,216,11648
77_Pdt.Sus-PKPU_2026_PN Niaga Sby.pdf,77_Pdt.Sus-PKPU_2026_PN Niaga Sby.pdf,aktif,,77/Pdt.Sus-PKPU/2026,77/Pdt.Sus-PKPU/2026,ya,2026,Pdt.Sus-PKPU,Niaga Sby,"Eko Prasetyo, S.E., S.H.","M.M., M.H",,ttd-majelis,30,839,55256
790_Pdt.G_2026_PN Sby.pdf,790_Pdt.G_2026_PN Sby.pdf,aktif,,790/Pdt.G/2026,790/Pdt.G/2026,ya,2026,Pdt.G,Sby.,M.H,"S.H.,M.H.; S.H., M.H.",,oleh-kami,17,548,29329
816_Pdt.G_2026_PN Sby.pdf,816_Pdt.G_2026_PN Sby.pdf,aktif,,816/Pdt.G/2026,816/Pdt.G/2026,ya,2026,Pdt.G,Sby,"Nur Kholis, S.H., M.H.","Sugeng Harsoyo, S.H., M.H.; Cokia Ana Pontia Oppusunggu, S.H., M.H.",,oleh-kami,6,144,7128
818_Pdt.G_2026_PN Sby.pdf,818_Pdt.G_2026_PN Sby.pdf,aktif,,818/Pdt.G/2026,818/Pdt.G/2026,ya,2026,Pdt.G,Sby,"Purnomo Hadiyarto, S.H.","Rina Indrajanti, S.H., M.H.; Ristanti Rahim, S.H., M.H.",,oleh-kami,7,225,12846
826_Pdt.G_2026_PN Sby.pdf,826_Pdt.G_2026_PN Sby.pdf,aktif,,826/Pdt.G/2026,,,2026,Pdt.G,Sby,"Ega Shaktiana, S.H., M.H.","Sih Yuliarti, S.H; Aloysius Priharnoto Bayuaji, S.H., M.H.",,oleh-kami,5,149,7915
82_Pdt.Bth_2026_PN Sby.pdf,82_Pdt.Bth_2026_PN Sby.pdf,aktif,,82/Pdt.Bth/2026,82/Pdt.Bth/2026,ya,2026,Pdt.Bth,Sby.,"Ernawati Anwar, S.H., M.H","Cokia Ana Pontia Oppusunggu, S.H., M.H; Nur Kholis, S.H., M.H.",,oleh-kami,66,2056,119342
834_Pdt.G_2026_PN Sby.pdf,834_Pdt.G_2026_PN Sby.pdf,aktif,,834/Pdt.G/2026,834/Pdt.G/2026,ya,2026,Pdt.G,Sby,"Nurnaningsih Amriani, S.H., M.H.","Abu Achmad Sidqi Amsya, S.H",,ttd-majelis,3,89,4440
83_Pdt.Sus-PHI_2025_PN Sby.pdf,83_Pdt.Sus-PHI_2025_PN Sby.pdf,aktif,,83/Pdt.Sus-PHI/2025,83/Pdt.Sus-PHI/2025,ya,2025,Pdt.Sus-PHI,Sby,,,"H. Suparman, S.H.",ttd-tunggal,3,97,5042
861_Pdt.G_2017_PN SBY.pdf,861_Pdt.G_2017_PN SBY.pdf,aktif,,861/Pdt.G/2017,861/Pdt.G/2017,ya,2017,Pdt.G,Sby,,,"Manoppo, SH.",ttd-tunggal,4,94,4807
883_Pdt.G_2026_PN Sby.pdf,883_Pdt.G_2026_PN Sby.pdf,aktif,,883/Pdt.G/2026,883/Pdt.G/2026,ya,2026,Pdt.G,Sby,"Hj. Satyawati Yun Irianti, S.H., M.H","Rina Indrajanti, S.H, M.H.; Safruddin, S.H., M.H.",,oleh-kami,9,259,13145
898_Pdt.P_2017_PN SBY.pdf,898_Pdt.P_2017_PN SBY.pdf,aktif,,898/Pdt.P/2017,898/Pdt.P/2017,ya,2017,Pdt.P,Sby,,,"Dede Suryaman, S.H., M.H",ttd-tunggal,5,138,7045
8_Pdt.Sus-Renvoi Prosedur_2026_PN.Niaga Sby.pdf,8_Pdt.Sus-Renvoi Prosedur_2026_PN.Niaga Sby.pdf,aktif,,8/Pdt.Sus-Renvoi Prosedur/2026,8/Pdt.Sus-renvoi prosedur/2026,ya,2026,Pdt.Sus-Renvoi Prosedur,Niaga Sby Jo.,"Aloysius Priharnoto Bayuaji, S.H., M.H.","Alex Adam Faisal, S.H., MH; Shaktiana, S.H., M.H.",,oleh-kami,30,1022,52663
932_Pdt.G_2017_PN SBY.pdf,932_Pdt.G_2017_PN SBY.pdf,aktif,,932/Pdt.G/2017,,,2017,Pdt.G,Sby,"TIMUR PRADOKO, SH.","DEDI FARDIMAN, SH., MH.; DWI WINARKO, SH., MH.",,oleh-kami,4,114,6313
938_Pid.Sus_2026_PN Sby.pdf,938_Pid.Sus_2026_PN Sby.pdf,aktif,,938/Pid.Sus/2026,938/Pid.Sus/2026,ya,2026,Pid.Sus,Sby,"Muhammad Yusuf Karim, S.H., M.H","S. Pujiono, S.H., M.H; Sagung Bunga Mayasaputri Antara, S.H.",,oleh-kami,27,1044,57506
946_Pdt.G_2025_PN Sby.pdf,946_Pdt.G_2025_PN Sby.pdf,aktif,flag: nomor tidak terbaca di header,,946/Pdt.G/2025,,,,,"S.H., M.H.","S.H., M.H.; S.H., M.H.",,oleh-kami,11,399,23665
982_Pid.Sus_2026_PN Sby.pdf,982_Pid.Sus_2026_PN Sby.pdf,aktif,,982/Pid.Sus/2026,982/Pid.Sus/2026,ya,2026,Pid.Sus,Sby,"Muhammad Sukamto, S.H., M.H.","Teguh Santoso, S.H.; Betsji Siske Manoe, S.H., M.H.",,oleh-kami,29,1095,61301
985_Pdt.G_2026_PN Sby.pdf,985_Pdt.G_2026_PN Sby.pdf,aktif,,985/Pdt.G/2026,985/Pdt.G/2026,ya,2026,Pdt.G,Sby,"Muhammad Sukamto, S.H., M.H.","Betsji Siske Manoe, S.H., M.H.; Teguh Santoso, S.H.; S.Sos., S.H.",,oleh-kami,5,154,7670
995_Pid.Sus_2026_PN Sby.pdf,995_Pid.Sus_2026_PN Sby.pdf,aktif,,995/Pid.Sus/2026,995/Pid.Sus/2026,ya,2026,Pid.Sus,Sby,"Muhammad Sukamto, S.H., M.H.","Betsji Siske Manoe, S.H., M.H.; Teguh Santoso, S.H.",,oleh-kami,30,1144,63243
putusan_186_pdt.g_2026_pn_sby_20260930172538.pdf,putusan_186_pdt.g_2026_pn_sby_20260930172538.pdf,exclude,duplikat byte-identik dari 186_Pdt.G_2026_PN Sby.pdf,186/Pdt.G/2026,,,2026,Pdt.G,SBY,"MUHAMMAD ZULQARNAIN, SH.","ABU ACHMAD SIDQI AMSYA, SH.; RIDA NUR KARIMA, SH.",,oleh-kami,108,3786,192226
putusan_227_pdt.g_2026_pn_sby_20261001175526.pdf,putusan_227_pdt.g_2026_pn_sby_20261001175526.pdf,exclude,duplikat byte-identik dari 227_Pdt.G_2026_PN Sby.pdf,227/Pdt.G/2026,227/Pdt.G/2026,ya,2026,Pdt.G,Sby,"Ega Shaktiana, S.H., M.H.","Aloysius Priharnoto Bayuaji, S.H., M.H.; Sih Yuliarti, S.H.",,oleh-kami,58,1979,100138
putusan_2296_pdt.p_2026_pn_sby_20261002062257.pdf,putusan_2296_pdt.p_2026_pn_sby_20261002062257.pdf,exclude,duplikat byte-identik dari 2296_Pdt.P_2026_PN Sby.pdf,2296/Pdt.P/2026,2296/Pdt.P/2026,ya,2026,Pdt.P,Sby,,,"Mochamad Arif Satiyo Widodo, S.H., M.H.",ttd-tunggal,14,419,22840
putusan_2569_pdt.p_2026_pn_sby_20261002062209.pdf,putusan_2569_pdt.p_2026_pn_sby_20261002062209.pdf,exclude,duplikat byte-identik dari 2569_Pdt.P_2026_PN Sby.pdf,2569/Pdt.P/2026,2569/Pdt.P/2026,ya,2026,Pdt.P,Sby,,,"Sih Yuliarti, S.H.",oleh-kami-tunggal,8,252,13617
putusan_2594_pdt.p_2026_pn_sby_20261002063444.pdf,putusan_2594_pdt.p_2026_pn_sby_20261002063444.pdf,exclude,duplikat byte-identik dari 2594_Pdt.P_2026_PN Sby.pdf,2594/Pdt.P/2026,2594/Pdt.P/2026,ya,2026,Pdt.P,Sby,,,"Djulita Tandi Massora, S.H., M.H.",ttd-tunggal,9,276,15510
putusan_2674_pdt.p_2026_pn_sby_20261002062020.pdf,putusan_2674_pdt.p_2026_pn_sby_20261002062020.pdf,exclude,duplikat byte-identik dari 2674_Pdt.P_2026_PN Sby.pdf,2674/Pdt.P/2026,2674/Pdt.P/2026,ya,2026,Pdt.P,Sby,,,"TEGUH SANTOSO, S.H.",ttd-tunggal,10,291,15418
putusan_3278_pid.sus_2017_pn_sby_20261002061355.pdf,putusan_3278_pid.sus_2017_pn_sby_20261002061355.pdf,exclude,duplikat byte-identik dari 3278_Pid.Sus_2017_PN SBY.pdf,3278/Pid.Sus/2017,3278/Pid.Sus/2017,ya,2017,Pid.Sus,Sby.,"AGUS HAMZAH, S.H.,M.H.","FX. HANUNG DWI WIBOWO, S.H.,M.H.; ISJUAEDI, S.H.,M.H.",,oleh-kami,31,1198,73307
putusan_55_pid.sus-tpk_2026_pn_sby_20261002063524.pdf,putusan_55_pid.sus-tpk_2026_pn_sby_20261002063524.pdf,exclude,duplikat byte-identik dari 55_Pid.Sus-TPK_2026_PN Sby.pdf,55/Pid.Sus-TPK/2026,55/Pid.Sus-TPK/2026,ya,2026,Pid.Sus-TPK,Sby,"Ni Putu Sri Indayani, S.H., M.H.","Athoillah, S.H.; Ibnu Abas Ali, S.H., M.H.",,oleh-kami,702,27051,1395758
putusan_6_pdt.sus-hki_merek_2026_pn_niaga_sby_20261001151239.pdf,putusan_6_pdt.sus-hki_merek_2026_pn_niaga_sby_20261001151239.pdf,exclude,duplikat byte-identik dari 6_Pdt.Sus-HKI_Merek_2026_PN Niaga Sby.pdf,6/Pdt.Sus-HKI/Merek/2026,,,2026,Pdt.Sus-HKI/Merek,Niaga Sby,"Muhammad Sukamto, S.H., M.H.","Betsji Siske Manoe, S.H., M.H.; Teguh Santoso, S.H.",,oleh-kami,85,3139,178116
putusan_71_pdt.sus-pkpu_2026_pn_niaga_sby_20261001151203.pdf,putusan_71_pdt.sus-pkpu_2026_pn_niaga_sby_20261001151203.pdf,exclude,duplikat byte-identik dari 71_Pdt.Sus-PKPU_2026_PN Niaga Sby.pdf,71/Pdt.Sus-PKPU/2026,71/Pdt.Sus-PKPU/2026,ya,2026,Pdt.Sus-PKPU,Niaga Sby,"Betsji Siske Manoe, S.H., M.H.","Teguh Santoso, S.H.; Muhammad Sukamto, S.H., M.H.",,oleh-kami,36,1252,73458
