nama_file,jenis_perkara,tahun,pengadilan,pdf_path
1002_Pid.Sus-LH_2026_PN Sby.pdf,Pid.Sus-LH,2026,PN Surabaya,/content/drive/MyDrive/Kuliah/Semester 7/Ekstraksi Informasi/IE_project/input_pdf/PDF_Putusan/1002_Pid.Sus-LH_2026_PN Sby.pdf
1013_Pid.B_2026_PN Sby.pdf,Pid.B,2026,PN Surabaya,/content/drive/MyDrive/Kuliah/Semester 7/Ekstraksi Informasi/IE_project/input_pdf/PDF_Putusan/1013_Pid.B_2026_PN Sby.pdf
1016_Pid.B_2026_PN Sby.pdf,Pid.B,2026,PN Surabaya,/content/drive/MyDrive/Kuliah/Semester 7/Ekstraksi Informasi/IE_project/input_pdf/PDF_Putusan/1016_Pid.B_2026_PN Sby.pdf
1021_Pid.Sus_2026_PN Sby.pdf,Pid.Sus,2026,PN Surabaya,/content/drive/MyDrive/Kuliah/Semester 7/Ekstraksi Informasi/IE_project/input_pdf/PDF_Putusan/1021_Pid.Sus_2026_PN Sby.pdf
1050_Pid.Sus_2026_PN Sby.pdf,Pid.Sus,2026,PN Surabaya,/content/drive/MyDrive/Kuliah/Semester 7/Ekstraksi Informasi/IE_project/input_pdf/PDF_Putusan/1050_Pid.Sus_2026_PN Sby.pdf
1052_Pid.Sus_2026_PN Sby.pdf,Pid.Sus,2026,PN Surabaya,/content/drive/MyDrive/Kuliah/Semester 7/Ekstraksi Informasi/IE_project/input_pdf/PDF_Putusan/1052_Pid.Sus_2026_PN Sby.pdf
1053_Pid.Sus_2026_PN Sby.pdf,Pid.Sus,2026,PN Surabaya,/content/drive/MyDrive/Kuliah/Semester 7/Ekstraksi Informasi/IE_project/input_pdf/PDF_Putusan/1053_Pid.Sus_2026_PN Sby.pdf
1057_Pid.B_2026_PN Sby.pdf,Pid.B,2026,PN Surabaya,/content/drive/MyDrive/Kuliah/Semester 7/Ekstraksi Informasi/IE_project/input_pdf/PDF_Putusan/1057_Pid.B_2026_PN Sby.pdf
1067_Pid.B_2026_PN Sby.pdf,Pid.B,2026,PN Surabaya,/content/drive/MyDrive/Kuliah/Semester 7/Ekstraksi Informasi/IE_project/input_pdf/PDF_Putusan/1067_Pid.B_2026_PN Sby.pdf
1074_Pid.Sus-LH_2026_PN Sby.pdf,Pid.Sus-LH,2026,PN Surabaya,/content/drive/MyDrive/Kuliah/Semester 7/Ekstraksi Informasi/IE_project/input_pdf/PDF_Putusan/1074_Pid.Sus-LH_2026_PN Sby.pdf
108_Pdt.G_2026_PN Sby.pdf,Pdt.G,2026,PN Surabaya,/content/drive/MyDrive/Kuliah/Semester 7/Ekstraksi Informasi/IE_project/input_pdf/PDF_Putusan/108_Pdt.G_2026_PN Sby.pdf
1091_Pid.Sus_2026_PN Sby.pdf,Pid.Sus,2026,PN Surabaya,/content/drive/MyDrive/Kuliah/Semester 7/Ekstraksi Informasi/IE_project/input_pdf/PDF_Putusan/1091_Pid.Sus_2026_PN Sby.pdf
1093_Pid.Sus_2026_PN Sby.pdf,Pid.Sus,2026,PN Surabaya,/content/drive/MyDrive/Kuliah/Semester 7/Ekstraksi Informasi/IE_project/input_pdf/PDF_Putusan/1093_Pid.Sus_2026_PN Sby.pdf
1096_Pid.Sus_2026_PN Sby.pdf,Pid.Sus,2026,PN Surabaya,/content/drive/MyDrive/Kuliah/Semester 7/Ekstraksi Informasi/IE_project/input_pdf/PDF_Putusan/1096_Pid.Sus_2026_PN Sby.pdf
1100_Pid.Sus_2026_PN Sby.pdf,Pid.Sus,2026,PN Surabaya,/content/drive/MyDrive/Kuliah/Semester 7/Ekstraksi Informasi/IE_project/input_pdf/PDF_Putusan/1100_Pid.Sus_2026_PN Sby.pdf
1106_Pid.Sus_2026_PN Sby.pdf,Pid.Sus,2026,PN Surabaya,/content/drive/MyDrive/Kuliah/Semester 7/Ekstraksi Informasi/IE_project/input_pdf/PDF_Putusan/1106_Pid.Sus_2026_PN Sby.pdf
1112_Pid.B_2026_PN Sby.pdf,Pid.B,2026,PN Surabaya,/content/drive/MyDrive/Kuliah/Semester 7/Ekstraksi Informasi/IE_project/input_pdf/PDF_Putusan/1112_Pid.B_2026_PN Sby.pdf
1117_Pid.B_2026_PN Sby.pdf,Pid.B,2026,PN Surabaya,/content/drive/MyDrive/Kuliah/Semester 7/Ekstraksi Informasi/IE_project/input_pdf/PDF_Putusan/1117_Pid.B_2026_PN Sby.pdf
111_Pid.Sus_2018_PN SBY.pdf,Pid.Sus,2018,PN Surabaya,/content/drive/MyDrive/Kuliah/Semester 7/Ekstraksi Informasi/IE_project/input_pdf/PDF_Putusan/111_Pid.Sus_2018_PN SBY.pdf
1122_Pid.Sus_2026_PN Sby.pdf,Pid.Sus,2026,PN Surabaya,/content/drive/MyDrive/Kuliah/Semester 7/Ekstraksi Informasi/IE_project/input_pdf/PDF_Putusan/1122_Pid.Sus_2026_PN Sby.pdf
1126_Pid.B_2026_PN Sby.pdf,Pid.B,2026,PN Surabaya,/content/drive/MyDrive/Kuliah/Semester 7/Ekstraksi Informasi/IE_project/input_pdf/PDF_Putusan/1126_Pid.B_2026_PN Sby.pdf
1130_Pid.B_2026_PN Sby.pdf,Pid.B,2026,PN Surabaya,/content/drive/MyDrive/Kuliah/Semester 7/Ekstraksi Informasi/IE_project/input_pdf/PDF_Putusan/1130_Pid.B_2026_PN Sby.pdf
1131_Pid.B_2026_PN Sby.pdf,Pid.B,2026,PN Surabaya,/content/drive/MyDrive/Kuliah/Semester 7/Ekstraksi Informasi/IE_project/input_pdf/PDF_Putusan/1131_Pid.B_2026_PN Sby.pdf
1132_Pid.B_2026_PN Sby.pdf,Pid.B,2026,PN Surabaya,/content/drive/MyDrive/Kuliah/Semester 7/Ekstraksi Informasi/IE_project/input_pdf/PDF_Putusan/1132_Pid.B_2026_PN Sby.pdf
1133_Pid.B_2026_PN Sby.pdf,Pid.B,2026,PN Surabaya,/content/drive/MyDrive/Kuliah/Semester 7/Ekstraksi Informasi/IE_project/input_pdf/PDF_Putusan/1133_Pid.B_2026_PN Sby.pdf
1134_Pid.Sus_2026_PN Sby.pdf,Pid.Sus,2026,PN Surabaya,/content/drive/MyDrive/Kuliah/Semester 7/Ekstraksi Informasi/IE_project/input_pdf/PDF_Putusan/1134_Pid.Sus_2026_PN Sby.pdf
113_Pid.B_2018_PN SBY.pdf,Pid.B,2018,PN Surabaya,/content/drive/MyDrive/Kuliah/Semester 7/Ekstraksi Informasi/IE_project/input_pdf/PDF_Putusan/113_Pid.B_2018_PN SBY.pdf
1143_Pid.Sus_2026_PN Sby.pdf,Pid.Sus,2026,PN Surabaya,/content/drive/MyDrive/Kuliah/Semester 7/Ekstraksi Informasi/IE_project/input_pdf/PDF_Putusan/1143_Pid.Sus_2026_PN Sby.pdf
1149_Pid.Sus_2026_PN Sby.pdf,Pid.Sus,2026,PN Surabaya,/content/drive/MyDrive/Kuliah/Semester 7/Ekstraksi Informasi/IE_project/input_pdf/PDF_Putusan/1149_Pid.Sus_2026_PN Sby.pdf
1150_Pid.B_2026_PN Sby.pdf,Pid.B,2026,PN Surabaya,/content/drive/MyDrive/Kuliah/Semester 7/Ekstraksi Informasi/IE_project/input_pdf/PDF_Putusan/1150_Pid.B_2026_PN Sby.pdf
1156_Pid.B_2026_PN Sby.pdf,Pid.B,2026,PN Surabaya,/content/drive/MyDrive/Kuliah/Semester 7/Ekstraksi Informasi/IE_project/input_pdf/PDF_Putusan/1156_Pid.B_2026_PN Sby.pdf
1159_Pid.Sus_2026_PN Sby.pdf,Pid.Sus,2026,PN Surabaya,/content/drive/MyDrive/Kuliah/Semester 7/Ekstraksi Informasi/IE_project/input_pdf/PDF_Putusan/1159_Pid.Sus_2026_PN Sby.pdf
1172_Pid.B_2026_PN Sby.pdf,Pid.B,2026,PN Surabaya,/content/drive/MyDrive/Kuliah/Semester 7/Ekstraksi Informasi/IE_project/input_pdf/PDF_Putusan/1172_Pid.B_2026_PN Sby.pdf
1180_Pid.B_2026_PN Sby.pdf,Pid.B,2026,PN Surabaya,/content/drive/MyDrive/Kuliah/Semester 7/Ekstraksi Informasi/IE_project/input_pdf/PDF_Putusan/1180_Pid.B_2026_PN Sby.pdf
1184_Pid.Sus_2026_PN Sby.pdf,Pid.Sus,2026,PN Surabaya,/content/drive/MyDrive/Kuliah/Semester 7/Ekstraksi Informasi/IE_project/input_pdf/PDF_Putusan/1184_Pid.Sus_2026_PN Sby.pdf
1186_Pid.B_2026_PN Sby.pdf,Pid.B,2026,PN Surabaya,/content/drive/MyDrive/Kuliah/Semester 7/Ekstraksi Informasi/IE_project/input_pdf/PDF_Putusan/1186_Pid.B_2026_PN Sby.pdf
1190_Pid.B_2026_PN Sby.pdf,Pid.B,2026,PN Surabaya,/content/drive/MyDrive/Kuliah/Semester 7/Ekstraksi Informasi/IE_project/input_pdf/PDF_Putusan/1190_Pid.B_2026_PN Sby.pdf
1198_Pid.B_2026_PN Sby.pdf,Pid.B,2026,PN Surabaya,/content/drive/MyDrive/Kuliah/Semester 7/Ekstraksi Informasi/IE_project/input_pdf/PDF_Putusan/1198_Pid.B_2026_PN Sby.pdf
11_Pdt.Sus-HKI_Merek_2026_PN Niaga Sby.pdf,Pdt.Sus-HKI,2026,PN Niaga Surabaya,/content/drive/MyDrive/Kuliah/Semester 7/Ekstraksi Informasi/IE_project/input_pdf/PDF_Putusan/11_Pdt.Sus-HKI_Merek_2026_PN Niaga Sby.pdf
1206_Pid.Sus-LH_2026_PN Sby.pdf,Pid.Sus-LH,2026,PN Surabaya,/content/drive/MyDrive/Kuliah/Semester 7/Ekstraksi Informasi/IE_project/input_pdf/PDF_Putusan/1206_Pid.Sus-LH_2026_PN Sby.pdf
1208_Pid.Sus_2026_PN Sby.pdf,Pid.Sus,2026,PN Surabaya,/content/drive/MyDrive/Kuliah/Semester 7/Ekstraksi Informasi/IE_project/input_pdf/PDF_Putusan/1208_Pid.Sus_2026_PN Sby.pdf
1209_Pid.Sus_2026_PN Sby.pdf,Pid.Sus,2026,PN Surabaya,/content/drive/MyDrive/Kuliah/Semester 7/Ekstraksi Informasi/IE_project/input_pdf/PDF_Putusan/1209_Pid.Sus_2026_PN Sby.pdf
1210_Pid.Sus_2026_PN Sby.pdf,Pid.Sus,2026,PN Surabaya,/content/drive/MyDrive/Kuliah/Semester 7/Ekstraksi Informasi/IE_project/input_pdf/PDF_Putusan/1210_Pid.Sus_2026_PN Sby.pdf
1211_Pid.B_2026_PN Sby.pdf,Pid.B,2026,PN Surabaya,/content/drive/MyDrive/Kuliah/Semester 7/Ekstraksi Informasi/IE_project/input_pdf/PDF_Putusan/1211_Pid.B_2026_PN Sby.pdf
1240_Pid.Sus_2026_PN Sby.pdf,Pid.Sus,2026,PN Surabaya,/content/drive/MyDrive/Kuliah/Semester 7/Ekstraksi Informasi/IE_project/input_pdf/PDF_Putusan/1240_Pid.Sus_2026_PN Sby.pdf
1251_Pid.Sus_2026_PN Sby.pdf,Pid.Sus,2026,PN Surabaya,/content/drive/MyDrive/Kuliah/Semester 7/Ekstraksi Informasi/IE_project/input_pdf/PDF_Putusan/1251_Pid.Sus_2026_PN Sby.pdf
1255_Pid.B_2026_PN Sby.pdf,Pid.B,2026,PN Surabaya,/content/drive/MyDrive/Kuliah/Semester 7/Ekstraksi Informasi/IE_project/input_pdf/PDF_Putusan/1255_Pid.B_2026_PN Sby.pdf
1270_Pdt.G_2025_PN Sby.pdf,Pdt.G,2025,PN Surabaya,/content/drive/MyDrive/Kuliah/Semester 7/Ekstraksi Informasi/IE_project/input_pdf/PDF_Putusan/1270_Pdt.G_2025_PN Sby.pdf
1276_Pid.Sus_2026_PN Sby.pdf,Pid.Sus,2026,PN Surabaya,/content/drive/MyDrive/Kuliah/Semester 7/Ekstraksi Informasi/IE_project/input_pdf/PDF_Putusan/1276_Pid.Sus_2026_PN Sby.pdf
1289_Pid.Sus_2026_PN Sby.pdf,Pid.Sus,2026,PN Surabaya,/content/drive/MyDrive/Kuliah/Semester 7/Ekstraksi Informasi/IE_project/input_pdf/PDF_Putusan/1289_Pid.Sus_2026_PN Sby.pdf
130_Pdt.P_2018_PN SBY.pdf,Pdt.P,2018,PN Surabaya,/content/drive/MyDrive/Kuliah/Semester 7/Ekstraksi Informasi/IE_project/input_pdf/PDF_Putusan/130_Pdt.P_2018_PN SBY.pdf
1365_Pid.Sus_2026_PN Sby.pdf,Pid.Sus,2026,PN Surabaya,/content/drive/MyDrive/Kuliah/Semester 7/Ekstraksi Informasi/IE_project/input_pdf/PDF_Putusan/1365_Pid.Sus_2026_PN Sby.pdf
1423_Pdt.G_2025_PN Sby.pdf,Pdt.G,2025,PN Surabaya,/content/drive/MyDrive/Kuliah/Semester 7/Ekstraksi Informasi/IE_project/input_pdf/PDF_Putusan/1423_Pdt.G_2025_PN Sby.pdf
1449_Pdt.G_2026_PN Sby.pdf,Pdt.G,2026,PN Surabaya,/content/drive/MyDrive/Kuliah/Semester 7/Ekstraksi Informasi/IE_project/input_pdf/PDF_Putusan/1449_Pdt.G_2026_PN Sby.pdf
151_Pdt.G_2026_PN Sby.pdf,Pdt.G,2026,PN Surabaya,/content/drive/MyDrive/Kuliah/Semester 7/Ekstraksi Informasi/IE_project/input_pdf/PDF_Putusan/151_Pdt.G_2026_PN Sby.pdf
157_Pdt.P_2018_PN SBY.pdf,Pdt.P,2018,PN Surabaya,/content/drive/MyDrive/Kuliah/Semester 7/Ekstraksi Informasi/IE_project/input_pdf/PDF_Putusan/157_Pdt.P_2018_PN SBY.pdf
169_Pdt.G_2026_PN Sby.pdf,Pdt.G,2026,PN Surabaya,/content/drive/MyDrive/Kuliah/Semester 7/Ekstraksi Informasi/IE_project/input_pdf/PDF_Putusan/169_Pdt.G_2026_PN Sby.pdf
177_Pid.B_2026_PN Sby.pdf,Pid.B,2026,PN Surabaya,/content/drive/MyDrive/Kuliah/Semester 7/Ekstraksi Informasi/IE_project/input_pdf/PDF_Putusan/177_Pid.B_2026_PN Sby.pdf
17_Pdt.Sus-Pailit-GLL_2025_PN.Niaga Sby.pdf,Pdt.Sus-Pailit-GLL,2025,PN Niaga Surabaya,/content/drive/MyDrive/Kuliah/Semester 7/Ekstraksi Informasi/IE_project/input_pdf/PDF_Putusan/17_Pdt.Sus-Pailit-GLL_2025_PN.Niaga Sby.pdf
186_Pdt.G_2026_PN Sby.pdf,Pdt.G,2026,PN Surabaya,/content/drive/MyDrive/Kuliah/Semester 7/Ekstraksi Informasi/IE_project/input_pdf/PDF_Putusan/186_Pdt.G_2026_PN Sby.pdf
1872_Pid.B_2017_PN SBY.pdf,Pid.B,2017,PN Surabaya,/content/drive/MyDrive/Kuliah/Semester 7/Ekstraksi Informasi/IE_project/input_pdf/PDF_Putusan/1872_Pid.B_2017_PN SBY.pdf
191_Pid.B_2018_PN SBY.pdf,Pid.B,2018,PN Surabaya,/content/drive/MyDrive/Kuliah/Semester 7/Ekstraksi Informasi/IE_project/input_pdf/PDF_Putusan/191_Pid.B_2018_PN SBY.pdf
1948_Pid.B_2017_PN SBY.pdf,Pid.B,2017,PN Surabaya,/content/drive/MyDrive/Kuliah/Semester 7/Ekstraksi Informasi/IE_project/input_pdf/PDF_Putusan/1948_Pid.B_2017_PN SBY.pdf
2209_Pid.B_2025_PN Sby.pdf,Pid.B,2025,PN Surabaya,/content/drive/MyDrive/Kuliah/Semester 7/Ekstraksi Informasi/IE_project/input_pdf/PDF_Putusan/2209_Pid.B_2025_PN Sby.pdf
221_Pid.Sus_2018_PN SBY.pdf,Pid.Sus,2018,PN Surabaya,/content/drive/MyDrive/Kuliah/Semester 7/Ekstraksi Informasi/IE_project/input_pdf/PDF_Putusan/221_Pid.Sus_2018_PN SBY.pdf
222_Pid.Sus_2025_PN Sby.pdf,Pid.Sus,2025,PN Surabaya,/content/drive/MyDrive/Kuliah/Semester 7/Ekstraksi Informasi/IE_project/input_pdf/PDF_Putusan/222_Pid.Sus_2025_PN Sby.pdf
227_Pdt.G_2026_PN Sby.pdf,Pdt.G,2026,PN Surabaya,/content/drive/MyDrive/Kuliah/Semester 7/Ekstraksi Informasi/IE_project/input_pdf/PDF_Putusan/227_Pdt.G_2026_PN Sby.pdf
2289_Pid.Sus_2017_PN SBY.pdf,Pid.Sus,2017,PN Surabaya,/content/drive/MyDrive/Kuliah/Semester 7/Ekstraksi Informasi/IE_project/input_pdf/PDF_Putusan/2289_Pid.Sus_2017_PN SBY.pdf
2296_Pdt.P_2026_PN Sby.pdf,Pdt.P,2026,PN Surabaya,/content/drive/MyDrive/Kuliah/Semester 7/Ekstraksi Informasi/IE_project/input_pdf/PDF_Putusan/2296_Pdt.P_2026_PN Sby.pdf
22_Pid.B_2018_PN SBY.pdf,Pid.B,2018,PN Surabaya,/content/drive/MyDrive/Kuliah/Semester 7/Ekstraksi Informasi/IE_project/input_pdf/PDF_Putusan/22_Pid.B_2018_PN SBY.pdf
2302_Pid.Sus_2017_PN SBY.pdf,Pid.Sus,2017,PN Surabaya,/content/drive/MyDrive/Kuliah/Semester 7/Ekstraksi Informasi/IE_project/input_pdf/PDF_Putusan/2302_Pid.Sus_2017_PN SBY.pdf
2323_Pdt.P_2026_PN Sby.pdf,Pdt.P,2026,PN Surabaya,/content/drive/MyDrive/Kuliah/Semester 7/Ekstraksi Informasi/IE_project/input_pdf/PDF_Putusan/2323_Pdt.P_2026_PN Sby.pdf
2340_Pdt.P_2026_PN Sby.pdf,Pdt.P,2026,PN Surabaya,/content/drive/MyDrive/Kuliah/Semester 7/Ekstraksi Informasi/IE_project/input_pdf/PDF_Putusan/2340_Pdt.P_2026_PN Sby.pdf
2364_Pdt.P_2026_PN Sby.pdf,Pdt.P,2026,PN Surabaya,/content/drive/MyDrive/Kuliah/Semester 7/Ekstraksi Informasi/IE_project/input_pdf/PDF_Putusan/2364_Pdt.P_2026_PN Sby.pdf
2389_Pdt.P_2026_PN Sby.pdf,Pdt.P,2026,PN Surabaya,/content/drive/MyDrive/Kuliah/Semester 7/Ekstraksi Informasi/IE_project/input_pdf/PDF_Putusan/2389_Pdt.P_2026_PN Sby.pdf
2394_Pdt.P_2026_PN Sby.pdf,Pdt.P,2026,PN Surabaya,/content/drive/MyDrive/Kuliah/Semester 7/Ekstraksi Informasi/IE_project/input_pdf/PDF_Putusan/2394_Pdt.P_2026_PN Sby.pdf
2403_Pdt.P_2026_PN Sby.pdf,Pdt.P,2026,PN Surabaya,/content/drive/MyDrive/Kuliah/Semester 7/Ekstraksi Informasi/IE_project/input_pdf/PDF_Putusan/2403_Pdt.P_2026_PN Sby.pdf
2420_Pdt.P_2026_PN Sby.pdf,Pdt.P,2026,PN Surabaya,/content/drive/MyDrive/Kuliah/Semester 7/Ekstraksi Informasi/IE_project/input_pdf/PDF_Putusan/2420_Pdt.P_2026_PN Sby.pdf
2423_Pdt.P_2026_PN Sby.pdf,Pdt.P,2026,PN Surabaya,/content/drive/MyDrive/Kuliah/Semester 7/Ekstraksi Informasi/IE_project/input_pdf/PDF_Putusan/2423_Pdt.P_2026_PN Sby.pdf
2431_Pdt.P_2025_PN Sby.pdf,Pdt.P,2025,PN Surabaya,/content/drive/MyDrive/Kuliah/Semester 7/Ekstraksi Informasi/IE_project/input_pdf/PDF_Putusan/2431_Pdt.P_2025_PN Sby.pdf
2437_Pdt.P_2026_PN Sby.pdf,Pdt.P,2026,PN Surabaya,/content/drive/MyDrive/Kuliah/Semester 7/Ekstraksi Informasi/IE_project/input_pdf/PDF_Putusan/2437_Pdt.P_2026_PN Sby.pdf
2441_Pdt.P_2025_PN Sby.pdf,Pdt.P,2025,PN Surabaya,/content/drive/MyDrive/Kuliah/Semester 7/Ekstraksi Informasi/IE_project/input_pdf/PDF_Putusan/2441_Pdt.P_2025_PN Sby.pdf
2448_Pdt.P_2026_PN Sby.pdf,Pdt.P,2026,PN Surabaya,/content/drive/MyDrive/Kuliah/Semester 7/Ekstraksi Informasi/IE_project/input_pdf/PDF_Putusan/2448_Pdt.P_2026_PN Sby.pdf
2455_Pdt.P_2026_PN Sby.pdf,Pdt.P,2026,PN Surabaya,/content/drive/MyDrive/Kuliah/Semester 7/Ekstraksi Informasi/IE_project/input_pdf/PDF_Putusan/2455_Pdt.P_2026_PN Sby.pdf
2463_Pdt.P_2026_PN Sby.pdf,Pdt.P,2026,PN Surabaya,/content/drive/MyDrive/Kuliah/Semester 7/Ekstraksi Informasi/IE_project/input_pdf/PDF_Putusan/2463_Pdt.P_2026_PN Sby.pdf
2464_Pdt.P_2026_PN Sby.pdf,Pdt.P,2026,PN Surabaya,/content/drive/MyDrive/Kuliah/Semester 7/Ekstraksi Informasi/IE_project/input_pdf/PDF_Putusan/2464_Pdt.P_2026_PN Sby.pdf
2472_Pdt.P_2026_PN Sby.pdf,Pdt.P,2026,PN Surabaya,/content/drive/MyDrive/Kuliah/Semester 7/Ekstraksi Informasi/IE_project/input_pdf/PDF_Putusan/2472_Pdt.P_2026_PN Sby.pdf
2475_Pdt.P_2026_PN Sby.pdf,Pdt.P,2026,PN Surabaya,/content/drive/MyDrive/Kuliah/Semester 7/Ekstraksi Informasi/IE_project/input_pdf/PDF_Putusan/2475_Pdt.P_2026_PN Sby.pdf
2484_Pdt.P_2026_PN Sby.pdf,Pdt.P,2026,PN Surabaya,/content/drive/MyDrive/Kuliah/Semester 7/Ekstraksi Informasi/IE_project/input_pdf/PDF_Putusan/2484_Pdt.P_2026_PN Sby.pdf
2487_Pdt.P_2026_PN Sby.pdf,Pdt.P,2026,PN Surabaya,/content/drive/MyDrive/Kuliah/Semester 7/Ekstraksi Informasi/IE_project/input_pdf/PDF_Putusan/2487_Pdt.P_2026_PN Sby.pdf
2490_Pdt.P_2026_PN Sby.pdf,Pdt.P,2026,PN Surabaya,/content/drive/MyDrive/Kuliah/Semester 7/Ekstraksi Informasi/IE_project/input_pdf/PDF_Putusan/2490_Pdt.P_2026_PN Sby.pdf
2495_Pdt.P_2026_PN Sby.pdf,Pdt.P,2026,PN Surabaya,/content/drive/MyDrive/Kuliah/Semester 7/Ekstraksi Informasi/IE_project/input_pdf/PDF_Putusan/2495_Pdt.P_2026_PN Sby.pdf
2500_Pdt.P_2026_PN Sby.pdf,Pdt.P,2026,PN Surabaya,/content/drive/MyDrive/Kuliah/Semester 7/Ekstraksi Informasi/IE_project/input_pdf/PDF_Putusan/2500_Pdt.P_2026_PN Sby.pdf
2504_Pdt.P_2026_PN Sby.pdf,Pdt.P,2026,PN Surabaya,/content/drive/MyDrive/Kuliah/Semester 7/Ekstraksi Informasi/IE_project/input_pdf/PDF_Putusan/2504_Pdt.P_2026_PN Sby.pdf
2505_Pdt.P_2026_PN Sby.pdf,Pdt.P,2026,PN Surabaya,/content/drive/MyDrive/Kuliah/Semester 7/Ekstraksi Informasi/IE_project/input_pdf/PDF_Putusan/2505_Pdt.P_2026_PN Sby.pdf
2508_Pdt.P_2026_PN Sby.pdf,Pdt.P,2026,PN Surabaya,/content/drive/MyDrive/Kuliah/Semester 7/Ekstraksi Informasi/IE_project/input_pdf/PDF_Putusan/2508_Pdt.P_2026_PN Sby.pdf
2509_Pdt.P_2026_PN Sby.pdf,Pdt.P,2026,PN Surabaya,/content/drive/MyDrive/Kuliah/Semester 7/Ekstraksi Informasi/IE_project/input_pdf/PDF_Putusan/2509_Pdt.P_2026_PN Sby.pdf
2518_Pdt.P_2026_PN Sby.pdf,Pdt.P,2026,PN Surabaya,/content/drive/MyDrive/Kuliah/Semester 7/Ekstraksi Informasi/IE_project/input_pdf/PDF_Putusan/2518_Pdt.P_2026_PN Sby.pdf
2522_Pdt.P_2025_PN Sby.pdf,Pdt.P,2025,PN Surabaya,/content/drive/MyDrive/Kuliah/Semester 7/Ekstraksi Informasi/IE_project/input_pdf/PDF_Putusan/2522_Pdt.P_2025_PN Sby.pdf
2523_Pdt.P_2026_PN Sby.pdf,Pdt.P,2026,PN Surabaya,/content/drive/MyDrive/Kuliah/Semester 7/Ekstraksi Informasi/IE_project/input_pdf/PDF_Putusan/2523_Pdt.P_2026_PN Sby.pdf
2524_Pdt.P_2026_PN Sby.pdf,Pdt.P,2026,PN Surabaya,/content/drive/MyDrive/Kuliah/Semester 7/Ekstraksi Informasi/IE_project/input_pdf/PDF_Putusan/2524_Pdt.P_2026_PN Sby.pdf
2525_Pdt.P_2026_PN Sby.pdf,Pdt.P,2026,PN Surabaya,/content/drive/MyDrive/Kuliah/Semester 7/Ekstraksi Informasi/IE_project/input_pdf/PDF_Putusan/2525_Pdt.P_2026_PN Sby.pdf
2528_Pdt.P_2026_PN Sby.pdf,Pdt.P,2026,PN Surabaya,/content/drive/MyDrive/Kuliah/Semester 7/Ekstraksi Informasi/IE_project/input_pdf/PDF_Putusan/2528_Pdt.P_2026_PN Sby.pdf
2534_Pdt.P_2026_PN Sby.pdf,Pdt.P,2026,PN Surabaya,/content/drive/MyDrive/Kuliah/Semester 7/Ekstraksi Informasi/IE_project/input_pdf/PDF_Putusan/2534_Pdt.P_2026_PN Sby.pdf
2535_Pdt.P_2026_PN Sby.pdf,Pdt.P,2026,PN Surabaya,/content/drive/MyDrive/Kuliah/Semester 7/Ekstraksi Informasi/IE_project/input_pdf/PDF_Putusan/2535_Pdt.P_2026_PN Sby.pdf
253_Pdt.G_2026_PN Sby.pdf,Pdt.G,2026,PN Surabaya,/content/drive/MyDrive/Kuliah/Semester 7/Ekstraksi Informasi/IE_project/input_pdf/PDF_Putusan/253_Pdt.G_2026_PN Sby.pdf
2553_Pdt.P_2026_PN Sby.pdf,Pdt.P,2026,PN Surabaya,/content/drive/MyDrive/Kuliah/Semester 7/Ekstraksi Informasi/IE_project/input_pdf/PDF_Putusan/2553_Pdt.P_2026_PN Sby.pdf
2554_Pdt.P_2026_PN Sby.pdf,Pdt.P,2026,PN Surabaya,/content/drive/MyDrive/Kuliah/Semester 7/Ekstraksi Informasi/IE_project/input_pdf/PDF_Putusan/2554_Pdt.P_2026_PN Sby.pdf
2557_Pdt.P_2026_PN Sby.pdf,Pdt.P,2026,PN Surabaya,/content/drive/MyDrive/Kuliah/Semester 7/Ekstraksi Informasi/IE_project/input_pdf/PDF_Putusan/2557_Pdt.P_2026_PN Sby.pdf
2558_Pdt.P_2026_PN Sby.pdf,Pdt.P,2026,PN Surabaya,/content/drive/MyDrive/Kuliah/Semester 7/Ekstraksi Informasi/IE_project/input_pdf/PDF_Putusan/2558_Pdt.P_2026_PN Sby.pdf
2559_Pdt.P_2026_PN Sby.pdf,Pdt.P,2026,PN Surabaya,/content/drive/MyDrive/Kuliah/Semester 7/Ekstraksi Informasi/IE_project/input_pdf/PDF_Putusan/2559_Pdt.P_2026_PN Sby.pdf
2567_Pdt.P_2026_PN Sby.pdf,Pdt.P,2026,PN Surabaya,/content/drive/MyDrive/Kuliah/Semester 7/Ekstraksi Informasi/IE_project/input_pdf/PDF_Putusan/2567_Pdt.P_2026_PN Sby.pdf
2569_Pdt.P_2026_PN Sby.pdf,Pdt.P,2026,PN Surabaya,/content/drive/MyDrive/Kuliah/Semester 7/Ekstraksi Informasi/IE_project/input_pdf/PDF_Putusan/2569_Pdt.P_2026_PN Sby.pdf
2572_Pdt.P_2026_PN Sby.pdf,Pdt.P,2026,PN Surabaya,/content/drive/MyDrive/Kuliah/Semester 7/Ekstraksi Informasi/IE_project/input_pdf/PDF_Putusan/2572_Pdt.P_2026_PN Sby.pdf
2573_Pdt.P_2026_PN Sby.pdf,Pdt.P,2026,PN Surabaya,/content/drive/MyDrive/Kuliah/Semester 7/Ekstraksi Informasi/IE_project/input_pdf/PDF_Putusan/2573_Pdt.P_2026_PN Sby.pdf
2577_Pdt.P_2026_PN Sby.pdf,Pdt.P,2026,PN Surabaya,/content/drive/MyDrive/Kuliah/Semester 7/Ekstraksi Informasi/IE_project/input_pdf/PDF_Putusan/2577_Pdt.P_2026_PN Sby.pdf
2578_Pdt.P_2026_PN Sby.pdf,Pdt.P,2026,PN Surabaya,/content/drive/MyDrive/Kuliah/Semester 7/Ekstraksi Informasi/IE_project/input_pdf/PDF_Putusan/2578_Pdt.P_2026_PN Sby.pdf
2581_Pdt.P_2026_PN Sby.pdf,Pdt.P,2026,PN Surabaya,/content/drive/MyDrive/Kuliah/Semester 7/Ekstraksi Informasi/IE_project/input_pdf/PDF_Putusan/2581_Pdt.P_2026_PN Sby.pdf
2582_Pdt.P_2026_PN Sby.pdf,Pdt.P,2026,PN Surabaya,/content/drive/MyDrive/Kuliah/Semester 7/Ekstraksi Informasi/IE_project/input_pdf/PDF_Putusan/2582_Pdt.P_2026_PN Sby.pdf
2587_Pdt.P_2026_PN Sby.pdf,Pdt.P,2026,PN Surabaya,/content/drive/MyDrive/Kuliah/Semester 7/Ekstraksi Informasi/IE_project/input_pdf/PDF_Putusan/2587_Pdt.P_2026_PN Sby.pdf
2588_Pdt.P_2026_PN Sby.pdf,Pdt.P,2026,PN Surabaya,/content/drive/MyDrive/Kuliah/Semester 7/Ekstraksi Informasi/IE_project/input_pdf/PDF_Putusan/2588_Pdt.P_2026_PN Sby.pdf
2589_Pdt.P_2026_PN Sby.pdf,Pdt.P,2026,PN Surabaya,/content/drive/MyDrive/Kuliah/Semester 7/Ekstraksi Informasi/IE_project/input_pdf/PDF_Putusan/2589_Pdt.P_2026_PN Sby.pdf
2594_Pdt.P_2026_PN Sby.pdf,Pdt.P,2026,PN Surabaya,/content/drive/MyDrive/Kuliah/Semester 7/Ekstraksi Informasi/IE_project/input_pdf/PDF_Putusan/2594_Pdt.P_2026_PN Sby.pdf
2596_Pdt.P_2026_PN Sby.pdf,Pdt.P,2026,PN Surabaya,/content/drive/MyDrive/Kuliah/Semester 7/Ekstraksi Informasi/IE_project/input_pdf/PDF_Putusan/2596_Pdt.P_2026_PN Sby.pdf
2600_Pdt.P_2026_PN Sby.pdf,Pdt.P,2026,PN Surabaya,/content/drive/MyDrive/Kuliah/Semester 7/Ekstraksi Informasi/IE_project/input_pdf/PDF_Putusan/2600_Pdt.P_2026_PN Sby.pdf
2604_Pdt.P_2026_PN Sby.pdf,Pdt.P,2026,PN Surabaya,/content/drive/MyDrive/Kuliah/Semester 7/Ekstraksi Informasi/IE_project/input_pdf/PDF_Putusan/2604_Pdt.P_2026_PN Sby.pdf
2607_Pdt.P_2026_PN Sby.pdf,Pdt.P,2026,PN Surabaya,/content/drive/MyDrive/Kuliah/Semester 7/Ekstraksi Informasi/IE_project/input_pdf/PDF_Putusan/2607_Pdt.P_2026_PN Sby.pdf
2608_Pdt.P_2026_PN Sby.pdf,Pdt.P,2026,PN Surabaya,/content/drive/MyDrive/Kuliah/Semester 7/Ekstraksi Informasi/IE_project/input_pdf/PDF_Putusan/2608_Pdt.P_2026_PN Sby.pdf
2609_Pdt.P_2026_PN Sby.pdf,Pdt.P,2026,PN Surabaya,/content/drive/MyDrive/Kuliah/Semester 7/Ekstraksi Informasi/IE_project/input_pdf/PDF_Putusan/2609_Pdt.P_2026_PN Sby.pdf
2610_Pdt.P_2026_PN Sby.pdf,Pdt.P,2026,PN Surabaya,/content/drive/MyDrive/Kuliah/Semester 7/Ekstraksi Informasi/IE_project/input_pdf/PDF_Putusan/2610_Pdt.P_2026_PN Sby.pdf
2615_Pdt.P_2026_PN Sby.pdf,Pdt.P,2026,PN Surabaya,/content/drive/MyDrive/Kuliah/Semester 7/Ekstraksi Informasi/IE_project/input_pdf/PDF_Putusan/2615_Pdt.P_2026_PN Sby.pdf
2616_Pdt.P_2026_PN Sby.pdf,Pdt.P,2026,PN Surabaya,/content/drive/MyDrive/Kuliah/Semester 7/Ekstraksi Informasi/IE_project/input_pdf/PDF_Putusan/2616_Pdt.P_2026_PN Sby.pdf
2618_Pdt.P_2026_PN Sby.pdf,Pdt.P,2026,PN Surabaya,/content/drive/MyDrive/Kuliah/Semester 7/Ekstraksi Informasi/IE_project/input_pdf/PDF_Putusan/2618_Pdt.P_2026_PN Sby.pdf
2619_Pdt.P_2026_PN Sby.pdf,Pdt.P,2026,PN Surabaya,/content/drive/MyDrive/Kuliah/Semester 7/Ekstraksi Informasi/IE_project/input_pdf/PDF_Putusan/2619_Pdt.P_2026_PN Sby.pdf
2620_Pdt.P_2026_PN Sby.pdf,Pdt.P,2026,PN Surabaya,/content/drive/MyDrive/Kuliah/Semester 7/Ekstraksi Informasi/IE_project/input_pdf/PDF_Putusan/2620_Pdt.P_2026_PN Sby.pdf
2624_Pdt.P_2026_PN Sby.pdf,Pdt.P,2026,PN Surabaya,/content/drive/MyDrive/Kuliah/Semester 7/Ekstraksi Informasi/IE_project/input_pdf/PDF_Putusan/2624_Pdt.P_2026_PN Sby.pdf
2626_Pdt.P_2026_PN Sby.pdf,Pdt.P,2026,PN Surabaya,/content/drive/MyDrive/Kuliah/Semester 7/Ekstraksi Informasi/IE_project/input_pdf/PDF_Putusan/2626_Pdt.P_2026_PN Sby.pdf
2629_Pdt.P_2026_PN Sby.pdf,Pdt.P,2026,PN Surabaya,/content/drive/MyDrive/Kuliah/Semester 7/Ekstraksi Informasi/IE_project/input_pdf/PDF_Putusan/2629_Pdt.P_2026_PN Sby.pdf
2631_Pdt.P_2026_PN Sby.pdf,Pdt.P,2026,PN Surabaya,/content/drive/MyDrive/Kuliah/Semester 7/Ekstraksi Informasi/IE_project/input_pdf/PDF_Putusan/2631_Pdt.P_2026_PN Sby.pdf
2632_Pdt.P_2026_PN Sby.pdf,Pdt.P,2026,PN Surabaya,/content/drive/MyDrive/Kuliah/Semester 7/Ekstraksi Informasi/IE_project/input_pdf/PDF_Putusan/2632_Pdt.P_2026_PN Sby.pdf
2636_Pdt.P_2026_PN Sby.pdf,Pdt.P,2026,PN Surabaya,/content/drive/MyDrive/Kuliah/Semester 7/Ekstraksi Informasi/IE_project/input_pdf/PDF_Putusan/2636_Pdt.P_2026_PN Sby.pdf
263_Pdt.G_2026_PN Sby.pdf,Pdt.G,2026,PN Surabaya,/content/drive/MyDrive/Kuliah/Semester 7/Ekstraksi Informasi/IE_project/input_pdf/PDF_Putusan/263_Pdt.G_2026_PN Sby.pdf
2645_Pdt.P_2026_PN Sby.pdf,Pdt.P,2026,PN Surabaya,/content/drive/MyDrive/Kuliah/Semester 7/Ekstraksi Informasi/IE_project/input_pdf/PDF_Putusan/2645_Pdt.P_2026_PN Sby.pdf
2650_Pdt.P_2026_PN Sby.pdf,Pdt.P,2026,PN Surabaya,/content/drive/MyDrive/Kuliah/Semester 7/Ekstraksi Informasi/IE_project/input_pdf/PDF_Putusan/2650_Pdt.P_2026_PN Sby.pdf
2651_Pdt.P_2026_PN Sby.pdf,Pdt.P,2026,PN Surabaya,/content/drive/MyDrive/Kuliah/Semester 7/Ekstraksi Informasi/IE_project/input_pdf/PDF_Putusan/2651_Pdt.P_2026_PN Sby.pdf
2653_Pdt.P_2026_PN Sby.pdf,Pdt.P,2026,PN Surabaya,/content/drive/MyDrive/Kuliah/Semester 7/Ekstraksi Informasi/IE_project/input_pdf/PDF_Putusan/2653_Pdt.P_2026_PN Sby.pdf
2654_Pdt.P_2026_PN Sby.pdf,Pdt.P,2026,PN Surabaya,/content/drive/MyDrive/Kuliah/Semester 7/Ekstraksi Informasi/IE_project/input_pdf/PDF_Putusan/2654_Pdt.P_2026_PN Sby.pdf
2661_Pdt.P_2026_PN Sby.pdf,Pdt.P,2026,PN Surabaya,/content/drive/MyDrive/Kuliah/Semester 7/Ekstraksi Informasi/IE_project/input_pdf/PDF_Putusan/2661_Pdt.P_2026_PN Sby.pdf
2667_Pdt.P_2026_PN Sby.pdf,Pdt.P,2026,PN Surabaya,/content/drive/MyDrive/Kuliah/Semester 7/Ekstraksi Informasi/IE_project/input_pdf/PDF_Putusan/2667_Pdt.P_2026_PN Sby.pdf
2668_Pdt.P_2026_PN Sby.pdf,Pdt.P,2026,PN Surabaya,/content/drive/MyDrive/Kuliah/Semester 7/Ekstraksi Informasi/IE_project/input_pdf/PDF_Putusan/2668_Pdt.P_2026_PN Sby.pdf
2671_Pdt.P_2026_PN Sby.pdf,Pdt.P,2026,PN Surabaya,/content/drive/MyDrive/Kuliah/Semester 7/Ekstraksi Informasi/IE_project/input_pdf/PDF_Putusan/2671_Pdt.P_2026_PN Sby.pdf
2672_Pdt.P_2026_PN Sby.pdf,Pdt.P,2026,PN Surabaya,/content/drive/MyDrive/Kuliah/Semester 7/Ekstraksi Informasi/IE_project/input_pdf/PDF_Putusan/2672_Pdt.P_2026_PN Sby.pdf
2674_Pdt.P_2026_PN Sby.pdf,Pdt.P,2026,PN Surabaya,/content/drive/MyDrive/Kuliah/Semester 7/Ekstraksi Informasi/IE_project/input_pdf/PDF_Putusan/2674_Pdt.P_2026_PN Sby.pdf
2675_Pdt.P_2026_PN Sby.pdf,Pdt.P,2026,PN Surabaya,/content/drive/MyDrive/Kuliah/Semester 7/Ekstraksi Informasi/IE_project/input_pdf/PDF_Putusan/2675_Pdt.P_2026_PN Sby.pdf
2695_Pdt.P_2026_PN Sby.pdf,Pdt.P,2026,PN Surabaya,/content/drive/MyDrive/Kuliah/Semester 7/Ekstraksi Informasi/IE_project/input_pdf/PDF_Putusan/2695_Pdt.P_2026_PN Sby.pdf
2696_Pdt.P_2026_PN Sby.pdf,Pdt.P,2026,PN Surabaya,/content/drive/MyDrive/Kuliah/Semester 7/Ekstraksi Informasi/IE_project/input_pdf/PDF_Putusan/2696_Pdt.P_2026_PN Sby.pdf
2697_Pdt.P_2026_PN Sby.pdf,Pdt.P,2026,PN Surabaya,/content/drive/MyDrive/Kuliah/Semester 7/Ekstraksi Informasi/IE_project/input_pdf/PDF_Putusan/2697_Pdt.P_2026_PN Sby.pdf
2699_Pdt.P_2026_PN Sby.pdf,Pdt.P,2026,PN Surabaya,/content/drive/MyDrive/Kuliah/Semester 7/Ekstraksi Informasi/IE_project/input_pdf/PDF_Putusan/2699_Pdt.P_2026_PN Sby.pdf
26_Pid.Sus_2018_PN SBY.pdf,Pid.Sus,2018,PN Surabaya,/content/drive/MyDrive/Kuliah/Semester 7/Ekstraksi Informasi/IE_project/input_pdf/PDF_Putusan/26_Pid.Sus_2018_PN SBY.pdf
2700_Pdt.P_2026_PN Sby.pdf,Pdt.P,2026,PN Surabaya,/content/drive/MyDrive/Kuliah/Semester 7/Ekstraksi Informasi/IE_project/input_pdf/PDF_Putusan/2700_Pdt.P_2026_PN Sby.pdf
2702_Pdt.P_2026_PN Sby.pdf,Pdt.P,2026,PN Surabaya,/content/drive/MyDrive/Kuliah/Semester 7/Ekstraksi Informasi/IE_project/input_pdf/PDF_Putusan/2702_Pdt.P_2026_PN Sby.pdf
2711_Pdt.P_2026_PN Sby.pdf,Pdt.P,2026,PN Surabaya,/content/drive/MyDrive/Kuliah/Semester 7/Ekstraksi Informasi/IE_project/input_pdf/PDF_Putusan/2711_Pdt.P_2026_PN Sby.pdf
2724_Pdt.P_2026_PN Sby.pdf,Pdt.P,2026,PN Surabaya,/content/drive/MyDrive/Kuliah/Semester 7/Ekstraksi Informasi/IE_project/input_pdf/PDF_Putusan/2724_Pdt.P_2026_PN Sby.pdf
2738_Pdt.P_2026_PN Sby.pdf,Pdt.P,2026,PN Surabaya,/content/drive/MyDrive/Kuliah/Semester 7/Ekstraksi Informasi/IE_project/input_pdf/PDF_Putusan/2738_Pdt.P_2026_PN Sby.pdf
2753_Pdt.P_2026_PN Sby.pdf,Pdt.P,2026,PN Surabaya,/content/drive/MyDrive/Kuliah/Semester 7/Ekstraksi Informasi/IE_project/input_pdf/PDF_Putusan/2753_Pdt.P_2026_PN Sby.pdf
2779_Pid.B_2017_PN SBY.pdf,Pid.B,2017,PN Surabaya,/content/drive/MyDrive/Kuliah/Semester 7/Ekstraksi Informasi/IE_project/input_pdf/PDF_Putusan/2779_Pid.B_2017_PN SBY.pdf
2782_Pid.Sus_2017_PN SBY.pdf,Pid.Sus,2017,PN Surabaya,/content/drive/MyDrive/Kuliah/Semester 7/Ekstraksi Informasi/IE_project/input_pdf/PDF_Putusan/2782_Pid.Sus_2017_PN SBY.pdf
2857_Pid.B_2017_PN SBY.pdf,Pid.B,2017,PN Surabaya,/content/drive/MyDrive/Kuliah/Semester 7/Ekstraksi Informasi/IE_project/input_pdf/PDF_Putusan/2857_Pid.B_2017_PN SBY.pdf
2864_Pid.B_2017_PN SBY.pdf,Pid.B,2017,PN Surabaya,/content/drive/MyDrive/Kuliah/Semester 7/Ekstraksi Informasi/IE_project/input_pdf/PDF_Putusan/2864_Pid.B_2017_PN SBY.pdf
28_Pid.Pra_2026_PN Sby.pdf,Pid.Pra,2026,PN Surabaya,/content/drive/MyDrive/Kuliah/Semester 7/Ekstraksi Informasi/IE_project/input_pdf/PDF_Putusan/28_Pid.Pra_2026_PN Sby.pdf
291_Pid.Sus_2018_PN SBY.pdf,Pid.Sus,2018,PN Surabaya,/content/drive/MyDrive/Kuliah/Semester 7/Ekstraksi Informasi/IE_project/input_pdf/PDF_Putusan/291_Pid.Sus_2018_PN SBY.pdf
3058_Pid.B_2017_PN SBY.pdf,Pid.B,2017,PN Surabaya,/content/drive/MyDrive/Kuliah/Semester 7/Ekstraksi Informasi/IE_project/input_pdf/PDF_Putusan/3058_Pid.B_2017_PN SBY.pdf
3080_Pid.Sus_2017_PN SBY.pdf,Pid.Sus,2017,PN Surabaya,/content/drive/MyDrive/Kuliah/Semester 7/Ekstraksi Informasi/IE_project/input_pdf/PDF_Putusan/3080_Pid.Sus_2017_PN SBY.pdf
3089_Pid.B_2017_PN SBY.pdf,Pid.B,2017,PN Surabaya,/content/drive/MyDrive/Kuliah/Semester 7/Ekstraksi Informasi/IE_project/input_pdf/PDF_Putusan/3089_Pid.B_2017_PN SBY.pdf
3099_Pid.B_2017_PN SBY.pdf,Pid.B,2017,PN Surabaya,/content/drive/MyDrive/Kuliah/Semester 7/Ekstraksi Informasi/IE_project/input_pdf/PDF_Putusan/3099_Pid.B_2017_PN SBY.pdf
3107_Pid.Sus_2017_PN SBY.pdf,Pid.Sus,2017,PN Surabaya,/content/drive/MyDrive/Kuliah/Semester 7/Ekstraksi Informasi/IE_project/input_pdf/PDF_Putusan/3107_Pid.Sus_2017_PN SBY.pdf
3116_Pid.B_2017_PN SBY.pdf,Pid.B,2017,PN Surabaya,/content/drive/MyDrive/Kuliah/Semester 7/Ekstraksi Informasi/IE_project/input_pdf/PDF_Putusan/3116_Pid.B_2017_PN SBY.pdf
3119_Pid.Sus_2017_PN SBY.pdf,Pid.Sus,2017,PN Surabaya,/content/drive/MyDrive/Kuliah/Semester 7/Ekstraksi Informasi/IE_project/input_pdf/PDF_Putusan/3119_Pid.Sus_2017_PN SBY.pdf
3120_Pdt.P_2025_PN Sby.pdf,Pdt.P,2025,PN Surabaya,/content/drive/MyDrive/Kuliah/Semester 7/Ekstraksi Informasi/IE_project/input_pdf/PDF_Putusan/3120_Pdt.P_2025_PN Sby.pdf
318_Pdt.Bth_2026_PN Sby.pdf,Pdt.Bth,2026,PN Surabaya,/content/drive/MyDrive/Kuliah/Semester 7/Ekstraksi Informasi/IE_project/input_pdf/PDF_Putusan/318_Pdt.Bth_2026_PN Sby.pdf
31_Pid.Sus_2018_PN SBY.pdf,Pid.Sus,2018,PN Surabaya,/content/drive/MyDrive/Kuliah/Semester 7/Ekstraksi Informasi/IE_project/input_pdf/PDF_Putusan/31_Pid.Sus_2018_PN SBY.pdf
3278_Pid.Sus_2017_PN SBY.pdf,Pid.Sus,2017,PN Surabaya,/content/drive/MyDrive/Kuliah/Semester 7/Ekstraksi Informasi/IE_project/input_pdf/PDF_Putusan/3278_Pid.Sus_2017_PN SBY.pdf
3485_Pid.B_2017_PN SBY.pdf,Pid.B,2017,PN Surabaya,/content/drive/MyDrive/Kuliah/Semester 7/Ekstraksi Informasi/IE_project/input_pdf/PDF_Putusan/3485_Pid.B_2017_PN SBY.pdf
3502_Pid.Sus_2017_PN SBY.pdf,Pid.Sus,2017,PN Surabaya,/content/drive/MyDrive/Kuliah/Semester 7/Ekstraksi Informasi/IE_project/input_pdf/PDF_Putusan/3502_Pid.Sus_2017_PN SBY.pdf
3518_Pid.B_2017_PN SBY.pdf,Pid.B,2017,PN Surabaya,/content/drive/MyDrive/Kuliah/Semester 7/Ekstraksi Informasi/IE_project/input_pdf/PDF_Putusan/3518_Pid.B_2017_PN SBY.pdf
3524_Pid.B_2017_PN SBY.pdf,Pid.B,2017,PN Surabaya,/content/drive/MyDrive/Kuliah/Semester 7/Ekstraksi Informasi/IE_project/input_pdf/PDF_Putusan/3524_Pid.B_2017_PN SBY.pdf
354_Pdt.Bth_2026_PN Sby.pdf,Pdt.Bth,2026,PN Surabaya,/content/drive/MyDrive/Kuliah/Semester 7/Ekstraksi Informasi/IE_project/input_pdf/PDF_Putusan/354_Pdt.Bth_2026_PN Sby.pdf
3569_Pid.Sus_2017_PN SBY.pdf,Pid.Sus,2017,PN Surabaya,/content/drive/MyDrive/Kuliah/Semester 7/Ekstraksi Informasi/IE_project/input_pdf/PDF_Putusan/3569_Pid.Sus_2017_PN SBY.pdf
3626_Pid.Sus_2017_PN SBY.pdf,Pid.Sus,2017,PN Surabaya,/content/drive/MyDrive/Kuliah/Semester 7/Ekstraksi Informasi/IE_project/input_pdf/PDF_Putusan/3626_Pid.Sus_2017_PN SBY.pdf
3628_Pid.Sus_2017_PN SBY.pdf,Pid.Sus,2017,PN Surabaya,/content/drive/MyDrive/Kuliah/Semester 7/Ekstraksi Informasi/IE_project/input_pdf/PDF_Putusan/3628_Pid.Sus_2017_PN SBY.pdf
3686_Pid.B_2017_PN SBY.pdf,Pid.B,2017,PN Surabaya,/content/drive/MyDrive/Kuliah/Semester 7/Ekstraksi Informasi/IE_project/input_pdf/PDF_Putusan/3686_Pid.B_2017_PN SBY.pdf
3689_Pid.Sus_2017_PN SBY.pdf,Pid.Sus,2017,PN Surabaya,/content/drive/MyDrive/Kuliah/Semester 7/Ekstraksi Informasi/IE_project/input_pdf/PDF_Putusan/3689_Pid.Sus_2017_PN SBY.pdf
3708_Pid.B_2017_PN SBY.pdf,Pid.B,2017,PN Surabaya,/content/drive/MyDrive/Kuliah/Semester 7/Ekstraksi Informasi/IE_project/input_pdf/PDF_Putusan/3708_Pid.B_2017_PN SBY.pdf
370_Pdt.G_2026_PN Sby.pdf,Pdt.G,2026,PN Surabaya,/content/drive/MyDrive/Kuliah/Semester 7/Ekstraksi Informasi/IE_project/input_pdf/PDF_Putusan/370_Pdt.G_2026_PN Sby.pdf
3730_Pid.B_2017_PN SBY.pdf,Pid.B,2017,PN Surabaya,/content/drive/MyDrive/Kuliah/Semester 7/Ekstraksi Informasi/IE_project/input_pdf/PDF_Putusan/3730_Pid.B_2017_PN SBY.pdf
374_Pdt.G_2017_PN SBY.pdf,Pdt.G,2017,PN Surabaya,/content/drive/MyDrive/Kuliah/Semester 7/Ekstraksi Informasi/IE_project/input_pdf/PDF_Putusan/374_Pdt.G_2017_PN SBY.pdf
3751_Pid.B_2017_PN SBY.pdf,Pid.B,2017,PN Surabaya,/content/drive/MyDrive/Kuliah/Semester 7/Ekstraksi Informasi/IE_project/input_pdf/PDF_Putusan/3751_Pid.B_2017_PN SBY.pdf
376_Pdt.G_2026_PN Sby.pdf,Pdt.G,2026,PN Surabaya,/content/drive/MyDrive/Kuliah/Semester 7/Ekstraksi Informasi/IE_project/input_pdf/PDF_Putusan/376_Pdt.G_2026_PN Sby.pdf
3784_Pid.Sus_2017_PN SBY.pdf,Pid.Sus,2017,PN Surabaya,/content/drive/MyDrive/Kuliah/Semester 7/Ekstraksi Informasi/IE_project/input_pdf/PDF_Putusan/3784_Pid.Sus_2017_PN SBY.pdf
3824_Pid.B_2017_PN SBY.pdf,Pid.B,2017,PN Surabaya,/content/drive/MyDrive/Kuliah/Semester 7/Ekstraksi Informasi/IE_project/input_pdf/PDF_Putusan/3824_Pid.B_2017_PN SBY.pdf
3825_Pid.B_2017_PN SBY.pdf,Pid.B,2017,PN Surabaya,/content/drive/MyDrive/Kuliah/Semester 7/Ekstraksi Informasi/IE_project/input_pdf/PDF_Putusan/3825_Pid.B_2017_PN SBY.pdf
3828_Pid.Sus_2017_PN SBY.pdf,Pid.Sus,2017,PN Surabaya,/content/drive/MyDrive/Kuliah/Semester 7/Ekstraksi Informasi/IE_project/input_pdf/PDF_Putusan/3828_Pid.Sus_2017_PN SBY.pdf
3882_Pid.Sus_2017_PN SBY.pdf,Pid.Sus,2017,PN Surabaya,/content/drive/MyDrive/Kuliah/Semester 7/Ekstraksi Informasi/IE_project/input_pdf/PDF_Putusan/3882_Pid.Sus_2017_PN SBY.pdf
3886_Pid.B_2017_PN SBY.pdf,Pid.B,2017,PN Surabaya,/content/drive/MyDrive/Kuliah/Semester 7/Ekstraksi Informasi/IE_project/input_pdf/PDF_Putusan/3886_Pid.B_2017_PN SBY.pdf
3906_Pid.Sus_2017_PN SBY.pdf,Pid.Sus,2017,PN Surabaya,/content/drive/MyDrive/Kuliah/Semester 7/Ekstraksi Informasi/IE_project/input_pdf/PDF_Putusan/3906_Pid.Sus_2017_PN SBY.pdf
397_Pdt.G_2017_PN SBY.pdf,Pdt.G,2017,PN Surabaya,/content/drive/MyDrive/Kuliah/Semester 7/Ekstraksi Informasi/IE_project/input_pdf/PDF_Putusan/397_Pdt.G_2017_PN SBY.pdf
424_Pid.Sus_2018_PN SBY.pdf,Pid.Sus,2018,PN Surabaya,/content/drive/MyDrive/Kuliah/Semester 7/Ekstraksi Informasi/IE_project/input_pdf/PDF_Putusan/424_Pid.Sus_2018_PN SBY.pdf
456_Pdt.G_2026_PN Sby.pdf,Pdt.G,2026,PN Surabaya,/content/drive/MyDrive/Kuliah/Semester 7/Ekstraksi Informasi/IE_project/input_pdf/PDF_Putusan/456_Pdt.G_2026_PN Sby.pdf
45_Pdt.G_2026_PN Sby.pdf,Pdt.G,2026,PN Surabaya,/content/drive/MyDrive/Kuliah/Semester 7/Ekstraksi Informasi/IE_project/input_pdf/PDF_Putusan/45_Pdt.G_2026_PN Sby.pdf
515_Pdt.G_2026_PN Sby.pdf,Pdt.G,2026,PN Surabaya,/content/drive/MyDrive/Kuliah/Semester 7/Ekstraksi Informasi/IE_project/input_pdf/PDF_Putusan/515_Pdt.G_2026_PN Sby.pdf
527_Pdt.G_2017_PN SBY.pdf,Pdt.G,2017,PN Surabaya,/content/drive/MyDrive/Kuliah/Semester 7/Ekstraksi Informasi/IE_project/input_pdf/PDF_Putusan/527_Pdt.G_2017_PN SBY.pdf
538_Pdt.Bth_2026_PN Sby.pdf,Pdt.Bth,2026,PN Surabaya,/content/drive/MyDrive/Kuliah/Semester 7/Ekstraksi Informasi/IE_project/input_pdf/PDF_Putusan/538_Pdt.Bth_2026_PN Sby.pdf
551_Pdt.G_2026_PN Sby.pdf,Pdt.G,2026,PN Surabaya,/content/drive/MyDrive/Kuliah/Semester 7/Ekstraksi Informasi/IE_project/input_pdf/PDF_Putusan/551_Pdt.G_2026_PN Sby.pdf
55_Pid.Sus-TPK_2026_PN Sby.pdf,Pid.Sus-TPK,2026,PN Surabaya,/content/drive/MyDrive/Kuliah/Semester 7/Ekstraksi Informasi/IE_project/input_pdf/PDF_Putusan/55_Pid.Sus-TPK_2026_PN Sby.pdf
56_Pdt.G.S_2026_PN Sby.pdf,Pdt.G.S,2026,PN Surabaya,/content/drive/MyDrive/Kuliah/Semester 7/Ekstraksi Informasi/IE_project/input_pdf/PDF_Putusan/56_Pdt.G.S_2026_PN Sby.pdf
57_Pdt.G.S_2026_PN Sby.pdf,Pdt.G.S,2026,PN Surabaya,/content/drive/MyDrive/Kuliah/Semester 7/Ekstraksi Informasi/IE_project/input_pdf/PDF_Putusan/57_Pdt.G.S_2026_PN Sby.pdf
58_Pdt.G_2026_PN Sby.pdf,Pdt.G,2026,PN Surabaya,/content/drive/MyDrive/Kuliah/Semester 7/Ekstraksi Informasi/IE_project/input_pdf/PDF_Putusan/58_Pdt.G_2026_PN Sby.pdf
594_Pdt.P_2026_PN Sby.pdf,Pdt.P,2026,PN Surabaya,/content/drive/MyDrive/Kuliah/Semester 7/Ekstraksi Informasi/IE_project/input_pdf/PDF_Putusan/594_Pdt.P_2026_PN Sby.pdf
611_Pdt.G_2017_PN SBY.pdf,Pdt.G,2017,PN Surabaya,/content/drive/MyDrive/Kuliah/Semester 7/Ekstraksi Informasi/IE_project/input_pdf/PDF_Putusan/611_Pdt.G_2017_PN SBY.pdf
62_Pdt.Sus-PHI_2026_PN Sby.pdf,Pdt.Sus-PHI,2026,PN Surabaya,/content/drive/MyDrive/Kuliah/Semester 7/Ekstraksi Informasi/IE_project/input_pdf/PDF_Putusan/62_Pdt.Sus-PHI_2026_PN Sby.pdf
62_Pdt.Sus-PKPU_2025_PN Niaga Sby.pdf,Pdt.Sus-PKPU,2025,PN Niaga Surabaya,/content/drive/MyDrive/Kuliah/Semester 7/Ekstraksi Informasi/IE_project/input_pdf/PDF_Putusan/62_Pdt.Sus-PKPU_2025_PN Niaga Sby.pdf
62_Pdt.Sus-PKPU_2026_PN Niaga Sby.pdf,Pdt.Sus-PKPU,2026,PN Niaga Surabaya,/content/drive/MyDrive/Kuliah/Semester 7/Ekstraksi Informasi/IE_project/input_pdf/PDF_Putusan/62_Pdt.Sus-PKPU_2026_PN Niaga Sby.pdf
630_Pdt.G_2026_PN Sby.pdf,Pdt.G,2026,PN Surabaya,/content/drive/MyDrive/Kuliah/Semester 7/Ekstraksi Informasi/IE_project/input_pdf/PDF_Putusan/630_Pdt.G_2026_PN Sby.pdf
64_Pdt.Sus-PHI_2026_PN Sby.pdf,Pdt.Sus-PHI,2026,PN Surabaya,/content/drive/MyDrive/Kuliah/Semester 7/Ekstraksi Informasi/IE_project/input_pdf/PDF_Putusan/64_Pdt.Sus-PHI_2026_PN Sby.pdf
652_Pdt.G_2026_PN Sby.pdf,Pdt.G,2026,PN Surabaya,/content/drive/MyDrive/Kuliah/Semester 7/Ekstraksi Informasi/IE_project/input_pdf/PDF_Putusan/652_Pdt.G_2026_PN Sby.pdf
665_Pdt.G_2017_PN SBY.pdf,Pdt.G,2017,PN Surabaya,/content/drive/MyDrive/Kuliah/Semester 7/Ekstraksi Informasi/IE_project/input_pdf/PDF_Putusan/665_Pdt.G_2017_PN SBY.pdf
66_Pdt.G.S_2017_PN SBY.pdf,Pdt.G.S,2017,PN Surabaya,/content/drive/MyDrive/Kuliah/Semester 7/Ekstraksi Informasi/IE_project/input_pdf/PDF_Putusan/66_Pdt.G.S_2017_PN SBY.pdf
66_Pdt.Sus-PKPU_2026_PN Niaga Sby.pdf,Pdt.Sus-PKPU,2026,PN Niaga Surabaya,/content/drive/MyDrive/Kuliah/Semester 7/Ekstraksi Informasi/IE_project/input_pdf/PDF_Putusan/66_Pdt.Sus-PKPU_2026_PN Niaga Sby.pdf
69_Pdt.Sus-PKPU_2025_PN Niaga Sby.pdf,Pdt.Sus-PKPU,2025,PN Niaga Surabaya,/content/drive/MyDrive/Kuliah/Semester 7/Ekstraksi Informasi/IE_project/input_pdf/PDF_Putusan/69_Pdt.Sus-PKPU_2025_PN Niaga Sby.pdf
6_Pdt.Sus-HKI_Merek_2026_PN Niaga Sby.pdf,Pdt.Sus-HKI,2026,PN Niaga Surabaya,/content/drive/MyDrive/Kuliah/Semester 7/Ekstraksi Informasi/IE_project/input_pdf/PDF_Putusan/6_Pdt.Sus-HKI_Merek_2026_PN Niaga Sby.pdf
713_Pdt.G_2026_PN Sby.pdf,Pdt.G,2026,PN Surabaya,/content/drive/MyDrive/Kuliah/Semester 7/Ekstraksi Informasi/IE_project/input_pdf/PDF_Putusan/713_Pdt.G_2026_PN Sby.pdf
71_Pdt.Sus-PHI_2026_PN Sby.pdf,Pdt.Sus-PHI,2026,PN Surabaya,/content/drive/MyDrive/Kuliah/Semester 7/Ekstraksi Informasi/IE_project/input_pdf/PDF_Putusan/71_Pdt.Sus-PHI_2026_PN Sby.pdf
71_Pdt.Sus-PKPU_2026_PN Niaga Sby.pdf,Pdt.Sus-PKPU,2026,PN Niaga Surabaya,/content/drive/MyDrive/Kuliah/Semester 7/Ekstraksi Informasi/IE_project/input_pdf/PDF_Putusan/71_Pdt.Sus-PKPU_2026_PN Niaga Sby.pdf
721_Pid.Sus_2026_PN Sby.pdf,Pid.Sus,2026,PN Surabaya,/content/drive/MyDrive/Kuliah/Semester 7/Ekstraksi Informasi/IE_project/input_pdf/PDF_Putusan/721_Pid.Sus_2026_PN Sby.pdf
72_Pdt.Sus-PHI_2026_PN Sby.pdf,Pdt.Sus-PHI,2026,PN Surabaya,/content/drive/MyDrive/Kuliah/Semester 7/Ekstraksi Informasi/IE_project/input_pdf/PDF_Putusan/72_Pdt.Sus-PHI_2026_PN Sby.pdf
738_Pdt.G_2026_PN Sby.pdf,Pdt.G,2026,PN Surabaya,/content/drive/MyDrive/Kuliah/Semester 7/Ekstraksi Informasi/IE_project/input_pdf/PDF_Putusan/738_Pdt.G_2026_PN Sby.pdf
73_Pdt.Sus-PHI_2026_PN Sby.pdf,Pdt.Sus-PHI,2026,PN Surabaya,/content/drive/MyDrive/Kuliah/Semester 7/Ekstraksi Informasi/IE_project/input_pdf/PDF_Putusan/73_Pdt.Sus-PHI_2026_PN Sby.pdf
75_Pid.Sus_2018_PN SBY.pdf,Pid.Sus,2018,PN Surabaya,/content/drive/MyDrive/Kuliah/Semester 7/Ekstraksi Informasi/IE_project/input_pdf/PDF_Putusan/75_Pid.Sus_2018_PN SBY.pdf
76_Pdt.Sus-PKPU_2025_PN Niaga Sby.pdf,Pdt.Sus-PKPU,2025,PN Niaga Surabaya,/content/drive/MyDrive/Kuliah/Semester 7/Ekstraksi Informasi/IE_project/input_pdf/PDF_Putusan/76_Pdt.Sus-PKPU_2025_PN Niaga Sby.pdf
772_Pdt.G_2026_PN Sby.pdf,Pdt.G,2026,PN Surabaya,/content/drive/MyDrive/Kuliah/Semester 7/Ekstraksi Informasi/IE_project/input_pdf/PDF_Putusan/772_Pdt.G_2026_PN Sby.pdf
77_Pdt.Sus-PKPU_2026_PN Niaga Sby.pdf,Pdt.Sus-PKPU,2026,PN Niaga Surabaya,/content/drive/MyDrive/Kuliah/Semester 7/Ekstraksi Informasi/IE_project/input_pdf/PDF_Putusan/77_Pdt.Sus-PKPU_2026_PN Niaga Sby.pdf
790_Pdt.G_2026_PN Sby.pdf,Pdt.G,2026,PN Surabaya,/content/drive/MyDrive/Kuliah/Semester 7/Ekstraksi Informasi/IE_project/input_pdf/PDF_Putusan/790_Pdt.G_2026_PN Sby.pdf
816_Pdt.G_2026_PN Sby.pdf,Pdt.G,2026,PN Surabaya,/content/drive/MyDrive/Kuliah/Semester 7/Ekstraksi Informasi/IE_project/input_pdf/PDF_Putusan/816_Pdt.G_2026_PN Sby.pdf
818_Pdt.G_2026_PN Sby.pdf,Pdt.G,2026,PN Surabaya,/content/drive/MyDrive/Kuliah/Semester 7/Ekstraksi Informasi/IE_project/input_pdf/PDF_Putusan/818_Pdt.G_2026_PN Sby.pdf
826_Pdt.G_2026_PN Sby.pdf,Pdt.G,2026,PN Surabaya,/content/drive/MyDrive/Kuliah/Semester 7/Ekstraksi Informasi/IE_project/input_pdf/PDF_Putusan/826_Pdt.G_2026_PN Sby.pdf
82_Pdt.Bth_2026_PN Sby.pdf,Pdt.Bth,2026,PN Surabaya,/content/drive/MyDrive/Kuliah/Semester 7/Ekstraksi Informasi/IE_project/input_pdf/PDF_Putusan/82_Pdt.Bth_2026_PN Sby.pdf
834_Pdt.G_2026_PN Sby.pdf,Pdt.G,2026,PN Surabaya,/content/drive/MyDrive/Kuliah/Semester 7/Ekstraksi Informasi/IE_project/input_pdf/PDF_Putusan/834_Pdt.G_2026_PN Sby.pdf
83_Pdt.Sus-PHI_2025_PN Sby.pdf,Pdt.Sus-PHI,2025,PN Surabaya,/content/drive/MyDrive/Kuliah/Semester 7/Ekstraksi Informasi/IE_project/input_pdf/PDF_Putusan/83_Pdt.Sus-PHI_2025_PN Sby.pdf
861_Pdt.G_2017_PN SBY.pdf,Pdt.G,2017,PN Surabaya,/content/drive/MyDrive/Kuliah/Semester 7/Ekstraksi Informasi/IE_project/input_pdf/PDF_Putusan/861_Pdt.G_2017_PN SBY.pdf
883_Pdt.G_2026_PN Sby.pdf,Pdt.G,2026,PN Surabaya,/content/drive/MyDrive/Kuliah/Semester 7/Ekstraksi Informasi/IE_project/input_pdf/PDF_Putusan/883_Pdt.G_2026_PN Sby.pdf
898_Pdt.P_2017_PN SBY.pdf,Pdt.P,2017,PN Surabaya,/content/drive/MyDrive/Kuliah/Semester 7/Ekstraksi Informasi/IE_project/input_pdf/PDF_Putusan/898_Pdt.P_2017_PN SBY.pdf
8_Pdt.Sus-Renvoi Prosedur_2026_PN.Niaga Sby.pdf,LAIN,2026,PN Niaga Surabaya,/content/drive/MyDrive/Kuliah/Semester 7/Ekstraksi Informasi/IE_project/input_pdf/PDF_Putusan/8_Pdt.Sus-Renvoi Prosedur_2026_PN.Niaga Sby.pdf
932_Pdt.G_2017_PN SBY.pdf,Pdt.G,2017,PN Surabaya,/content/drive/MyDrive/Kuliah/Semester 7/Ekstraksi Informasi/IE_project/input_pdf/PDF_Putusan/932_Pdt.G_2017_PN SBY.pdf
938_Pid.Sus_2026_PN Sby.pdf,Pid.Sus,2026,PN Surabaya,/content/drive/MyDrive/Kuliah/Semester 7/Ekstraksi Informasi/IE_project/input_pdf/PDF_Putusan/938_Pid.Sus_2026_PN Sby.pdf
946_Pdt.G_2025_PN Sby.pdf,Pdt.G,2025,PN Surabaya,/content/drive/MyDrive/Kuliah/Semester 7/Ekstraksi Informasi/IE_project/input_pdf/PDF_Putusan/946_Pdt.G_2025_PN Sby.pdf
982_Pid.Sus_2026_PN Sby.pdf,Pid.Sus,2026,PN Surabaya,/content/drive/MyDrive/Kuliah/Semester 7/Ekstraksi Informasi/IE_project/input_pdf/PDF_Putusan/982_Pid.Sus_2026_PN Sby.pdf
985_Pdt.G_2026_PN Sby.pdf,Pdt.G,2026,PN Surabaya,/content/drive/MyDrive/Kuliah/Semester 7/Ekstraksi Informasi/IE_project/input_pdf/PDF_Putusan/985_Pdt.G_2026_PN Sby.pdf
995_Pid.Sus_2026_PN Sby.pdf,Pid.Sus,2026,PN Surabaya,/content/drive/MyDrive/Kuliah/Semester 7/Ekstraksi Informasi/IE_project/input_pdf/PDF_Putusan/995_Pid.Sus_2026_PN Sby.pdf
