nama_file,txt_path,halaman,n_char,n_kata,status
1002_Pid.Sus-LH_2026_PN Sby.pdf,/content/drive/MyDrive/Kuliah/Semester 7/Ekstraksi Informasi/IE_project/output_txt/TXT_Putusan/1002_Pid.Sus-LH_2026_PN Sby.txt,34,72030,10223,ok
1013_Pid.B_2026_PN Sby.pdf,/content/drive/MyDrive/Kuliah/Semester 7/Ekstraksi Informasi/IE_project/output_txt/TXT_Putusan/1013_Pid.B_2026_PN Sby.txt,13,25477,3605,ok
1016_Pid.B_2026_PN Sby.pdf,/content/drive/MyDrive/Kuliah/Semester 7/Ekstraksi Informasi/IE_project/output_txt/TXT_Putusan/1016_Pid.B_2026_PN Sby.txt,16,34417,5405,ok
1021_Pid.Sus_2026_PN Sby.pdf,/content/drive/MyDrive/Kuliah/Semester 7/Ekstraksi Informasi/IE_project/output_txt/TXT_Putusan/1021_Pid.Sus_2026_PN Sby.txt,16,34086,5025,ok
1050_Pid.Sus_2026_PN Sby.pdf,/content/drive/MyDrive/Kuliah/Semester 7/Ekstraksi Informasi/IE_project/output_txt/TXT_Putusan/1050_Pid.Sus_2026_PN Sby.txt,83,141819,21875,ok
1052_Pid.Sus_2026_PN Sby.pdf,/content/drive/MyDrive/Kuliah/Semester 7/Ekstraksi Informasi/IE_project/output_txt/TXT_Putusan/1052_Pid.Sus_2026_PN Sby.txt,22,46083,6362,ok
1053_Pid.Sus_2026_PN Sby.pdf,/content/drive/MyDrive/Kuliah/Semester 7/Ekstraksi Informasi/IE_project/output_txt/TXT_Putusan/1053_Pid.Sus_2026_PN Sby.txt,25,52772,7445,ok
1057_Pid.B_2026_PN Sby.pdf,/content/drive/MyDrive/Kuliah/Semester 7/Ekstraksi Informasi/IE_project/output_txt/TXT_Putusan/1057_Pid.B_2026_PN Sby.txt,27,56893,8768,ok
1067_Pid.B_2026_PN Sby.pdf,/content/drive/MyDrive/Kuliah/Semester 7/Ekstraksi Informasi/IE_project/output_txt/TXT_Putusan/1067_Pid.B_2026_PN Sby.txt,31,69918,9754,ok
1074_Pid.Sus-LH_2026_PN Sby.pdf,/content/drive/MyDrive/Kuliah/Semester 7/Ekstraksi Informasi/IE_project/output_txt/TXT_Putusan/1074_Pid.Sus-LH_2026_PN Sby.txt,38,88099,12910,ok
108_Pdt.G_2026_PN Sby.pdf,/content/drive/MyDrive/Kuliah/Semester 7/Ekstraksi Informasi/IE_project/output_txt/TXT_Putusan/108_Pdt.G_2026_PN Sby.txt,156,311447,44920,ok
1091_Pid.Sus_2026_PN Sby.pdf,/content/drive/MyDrive/Kuliah/Semester 7/Ekstraksi Informasi/IE_project/output_txt/TXT_Putusan/1091_Pid.Sus_2026_PN Sby.txt,20,41173,5709,ok
1093_Pid.Sus_2026_PN Sby.pdf,/content/drive/MyDrive/Kuliah/Semester 7/Ekstraksi Informasi/IE_project/output_txt/TXT_Putusan/1093_Pid.Sus_2026_PN Sby.txt,21,40847,5738,ok
1096_Pid.Sus_2026_PN Sby.pdf,/content/drive/MyDrive/Kuliah/Semester 7/Ekstraksi Informasi/IE_project/output_txt/TXT_Putusan/1096_Pid.Sus_2026_PN Sby.txt,19,41811,5979,ok
1100_Pid.Sus_2026_PN Sby.pdf,/content/drive/MyDrive/Kuliah/Semester 7/Ekstraksi Informasi/IE_project/output_txt/TXT_Putusan/1100_Pid.Sus_2026_PN Sby.txt,17,35176,5212,ok
1106_Pid.Sus_2026_PN Sby.pdf,/content/drive/MyDrive/Kuliah/Semester 7/Ekstraksi Informasi/IE_project/output_txt/TXT_Putusan/1106_Pid.Sus_2026_PN Sby.txt,19,40984,5805,ok
1112_Pid.B_2026_PN Sby.pdf,/content/drive/MyDrive/Kuliah/Semester 7/Ekstraksi Informasi/IE_project/output_txt/TXT_Putusan/1112_Pid.B_2026_PN Sby.txt,18,34384,5034,ok
1117_Pid.B_2026_PN Sby.pdf,/content/drive/MyDrive/Kuliah/Semester 7/Ekstraksi Informasi/IE_project/output_txt/TXT_Putusan/1117_Pid.B_2026_PN Sby.txt,19,37120,5467,ok
111_Pid.Sus_2018_PN SBY.pdf,/content/drive/MyDrive/Kuliah/Semester 7/Ekstraksi Informasi/IE_project/output_txt/TXT_Putusan/111_Pid.Sus_2018_PN SBY.txt,12,25273,3540,ok
1122_Pid.Sus_2026_PN Sby.pdf,/content/drive/MyDrive/Kuliah/Semester 7/Ekstraksi Informasi/IE_project/output_txt/TXT_Putusan/1122_Pid.Sus_2026_PN Sby.txt,25,56590,8029,ok
1126_Pid.B_2026_PN Sby.pdf,/content/drive/MyDrive/Kuliah/Semester 7/Ekstraksi Informasi/IE_project/output_txt/TXT_Putusan/1126_Pid.B_2026_PN Sby.txt,16,33782,4927,ok
1130_Pid.B_2026_PN Sby.pdf,/content/drive/MyDrive/Kuliah/Semester 7/Ekstraksi Informasi/IE_project/output_txt/TXT_Putusan/1130_Pid.B_2026_PN Sby.txt,23,50959,7386,ok
1131_Pid.B_2026_PN Sby.pdf,/content/drive/MyDrive/Kuliah/Semester 7/Ekstraksi Informasi/IE_project/output_txt/TXT_Putusan/1131_Pid.B_2026_PN Sby.txt,16,33502,4685,ok
1132_Pid.B_2026_PN Sby.pdf,/content/drive/MyDrive/Kuliah/Semester 7/Ekstraksi Informasi/IE_project/output_txt/TXT_Putusan/1132_Pid.B_2026_PN Sby.txt,14,28292,4183,ok
1133_Pid.B_2026_PN Sby.pdf,/content/drive/MyDrive/Kuliah/Semester 7/Ekstraksi Informasi/IE_project/output_txt/TXT_Putusan/1133_Pid.B_2026_PN Sby.txt,15,29537,4259,ok
1134_Pid.Sus_2026_PN Sby.pdf,/content/drive/MyDrive/Kuliah/Semester 7/Ekstraksi Informasi/IE_project/output_txt/TXT_Putusan/1134_Pid.Sus_2026_PN Sby.txt,32,68838,10073,ok
113_Pid.B_2018_PN SBY.pdf,/content/drive/MyDrive/Kuliah/Semester 7/Ekstraksi Informasi/IE_project/output_txt/TXT_Putusan/113_Pid.B_2018_PN SBY.txt,13,26892,3816,ok
1143_Pid.Sus_2026_PN Sby.pdf,/content/drive/MyDrive/Kuliah/Semester 7/Ekstraksi Informasi/IE_project/output_txt/TXT_Putusan/1143_Pid.Sus_2026_PN Sby.txt,17,35270,5056,ok
1149_Pid.Sus_2026_PN Sby.pdf,/content/drive/MyDrive/Kuliah/Semester 7/Ekstraksi Informasi/IE_project/output_txt/TXT_Putusan/1149_Pid.Sus_2026_PN Sby.txt,15,31349,4408,ok
1150_Pid.B_2026_PN Sby.pdf,/content/drive/MyDrive/Kuliah/Semester 7/Ekstraksi Informasi/IE_project/output_txt/TXT_Putusan/1150_Pid.B_2026_PN Sby.txt,21,44417,7153,ok
1156_Pid.B_2026_PN Sby.pdf,/content/drive/MyDrive/Kuliah/Semester 7/Ekstraksi Informasi/IE_project/output_txt/TXT_Putusan/1156_Pid.B_2026_PN Sby.txt,15,29766,4283,ok
1159_Pid.Sus_2026_PN Sby.pdf,/content/drive/MyDrive/Kuliah/Semester 7/Ekstraksi Informasi/IE_project/output_txt/TXT_Putusan/1159_Pid.Sus_2026_PN Sby.txt,21,41420,5759,ok
1172_Pid.B_2026_PN Sby.pdf,/content/drive/MyDrive/Kuliah/Semester 7/Ekstraksi Informasi/IE_project/output_txt/TXT_Putusan/1172_Pid.B_2026_PN Sby.txt,14,27146,3930,ok
1180_Pid.B_2026_PN Sby.pdf,/content/drive/MyDrive/Kuliah/Semester 7/Ekstraksi Informasi/IE_project/output_txt/TXT_Putusan/1180_Pid.B_2026_PN Sby.txt,15,31357,4791,ok
1184_Pid.Sus_2026_PN Sby.pdf,/content/drive/MyDrive/Kuliah/Semester 7/Ekstraksi Informasi/IE_project/output_txt/TXT_Putusan/1184_Pid.Sus_2026_PN Sby.txt,28,54545,7718,ok
1186_Pid.B_2026_PN Sby.pdf,/content/drive/MyDrive/Kuliah/Semester 7/Ekstraksi Informasi/IE_project/output_txt/TXT_Putusan/1186_Pid.B_2026_PN Sby.txt,14,29006,4161,ok
1190_Pid.B_2026_PN Sby.pdf,/content/drive/MyDrive/Kuliah/Semester 7/Ekstraksi Informasi/IE_project/output_txt/TXT_Putusan/1190_Pid.B_2026_PN Sby.txt,28,57099,8372,ok
1198_Pid.B_2026_PN Sby.pdf,/content/drive/MyDrive/Kuliah/Semester 7/Ekstraksi Informasi/IE_project/output_txt/TXT_Putusan/1198_Pid.B_2026_PN Sby.txt,18,34700,4840,ok
11_Pdt.Sus-HKI_Merek_2026_PN Niaga Sby.pdf,/content/drive/MyDrive/Kuliah/Semester 7/Ekstraksi Informasi/IE_project/output_txt/TXT_Putusan/11_Pdt.Sus-HKI_Merek_2026_PN Niaga Sby.txt,31,46732,6236,ok
1206_Pid.Sus-LH_2026_PN Sby.pdf,/content/drive/MyDrive/Kuliah/Semester 7/Ekstraksi Informasi/IE_project/output_txt/TXT_Putusan/1206_Pid.Sus-LH_2026_PN Sby.txt,23,47325,7038,ok
1208_Pid.Sus_2026_PN Sby.pdf,/content/drive/MyDrive/Kuliah/Semester 7/Ekstraksi Informasi/IE_project/output_txt/TXT_Putusan/1208_Pid.Sus_2026_PN Sby.txt,24,54239,7837,ok
1209_Pid.Sus_2026_PN Sby.pdf,/content/drive/MyDrive/Kuliah/Semester 7/Ekstraksi Informasi/IE_project/output_txt/TXT_Putusan/1209_Pid.Sus_2026_PN Sby.txt,27,54285,7811,ok
1210_Pid.Sus_2026_PN Sby.pdf,/content/drive/MyDrive/Kuliah/Semester 7/Ekstraksi Informasi/IE_project/output_txt/TXT_Putusan/1210_Pid.Sus_2026_PN Sby.txt,35,70050,10304,ok
1211_Pid.B_2026_PN Sby.pdf,/content/drive/MyDrive/Kuliah/Semester 7/Ekstraksi Informasi/IE_project/output_txt/TXT_Putusan/1211_Pid.B_2026_PN Sby.txt,13,25270,3634,ok
1240_Pid.Sus_2026_PN Sby.pdf,/content/drive/MyDrive/Kuliah/Semester 7/Ekstraksi Informasi/IE_project/output_txt/TXT_Putusan/1240_Pid.Sus_2026_PN Sby.txt,25,52971,7461,ok
1251_Pid.Sus_2026_PN Sby.pdf,/content/drive/MyDrive/Kuliah/Semester 7/Ekstraksi Informasi/IE_project/output_txt/TXT_Putusan/1251_Pid.Sus_2026_PN Sby.txt,26,54968,8253,ok
1255_Pid.B_2026_PN Sby.pdf,/content/drive/MyDrive/Kuliah/Semester 7/Ekstraksi Informasi/IE_project/output_txt/TXT_Putusan/1255_Pid.B_2026_PN Sby.txt,14,24450,3517,ok
1270_Pdt.G_2025_PN Sby.pdf,/content/drive/MyDrive/Kuliah/Semester 7/Ekstraksi Informasi/IE_project/output_txt/TXT_Putusan/1270_Pdt.G_2025_PN Sby.txt,5,6553,894,ok
1276_Pid.Sus_2026_PN Sby.pdf,/content/drive/MyDrive/Kuliah/Semester 7/Ekstraksi Informasi/IE_project/output_txt/TXT_Putusan/1276_Pid.Sus_2026_PN Sby.txt,18,36987,5185,ok
1289_Pid.Sus_2026_PN Sby.pdf,/content/drive/MyDrive/Kuliah/Semester 7/Ekstraksi Informasi/IE_project/output_txt/TXT_Putusan/1289_Pid.Sus_2026_PN Sby.txt,26,63372,9468,ok
130_Pdt.P_2018_PN SBY.pdf,/content/drive/MyDrive/Kuliah/Semester 7/Ekstraksi Informasi/IE_project/output_txt/TXT_Putusan/130_Pdt.P_2018_PN SBY.txt,11,15755,2231,ok
1365_Pid.Sus_2026_PN Sby.pdf,/content/drive/MyDrive/Kuliah/Semester 7/Ekstraksi Informasi/IE_project/output_txt/TXT_Putusan/1365_Pid.Sus_2026_PN Sby.txt,21,41633,5807,ok
1423_Pdt.G_2025_PN Sby.pdf,/content/drive/MyDrive/Kuliah/Semester 7/Ekstraksi Informasi/IE_project/output_txt/TXT_Putusan/1423_Pdt.G_2025_PN Sby.txt,56,101938,13857,ok
1449_Pdt.G_2026_PN Sby.pdf,/content/drive/MyDrive/Kuliah/Semester 7/Ekstraksi Informasi/IE_project/output_txt/TXT_Putusan/1449_Pdt.G_2026_PN Sby.txt,75,128796,18148,ok
151_Pdt.G_2026_PN Sby.pdf,/content/drive/MyDrive/Kuliah/Semester 7/Ekstraksi Informasi/IE_project/output_txt/TXT_Putusan/151_Pdt.G_2026_PN Sby.txt,67,128498,17737,ok
157_Pdt.P_2018_PN SBY.pdf,/content/drive/MyDrive/Kuliah/Semester 7/Ekstraksi Informasi/IE_project/output_txt/TXT_Putusan/157_Pdt.P_2018_PN SBY.txt,8,11276,1589,ok
169_Pdt.G_2026_PN Sby.pdf,/content/drive/MyDrive/Kuliah/Semester 7/Ekstraksi Informasi/IE_project/output_txt/TXT_Putusan/169_Pdt.G_2026_PN Sby.txt,93,157004,21609,ok
177_Pid.B_2026_PN Sby.pdf,/content/drive/MyDrive/Kuliah/Semester 7/Ekstraksi Informasi/IE_project/output_txt/TXT_Putusan/177_Pid.B_2026_PN Sby.txt,32,65543,9482,ok
17_Pdt.Sus-Pailit-GLL_2025_PN.Niaga Sby.pdf,/content/drive/MyDrive/Kuliah/Semester 7/Ekstraksi Informasi/IE_project/output_txt/TXT_Putusan/17_Pdt.Sus-Pailit-GLL_2025_PN.Niaga Sby.txt,34,71153,9625,ok
186_Pdt.G_2026_PN Sby.pdf,/content/drive/MyDrive/Kuliah/Semester 7/Ekstraksi Informasi/IE_project/output_txt/TXT_Putusan/186_Pdt.G_2026_PN Sby.txt,108,184993,25664,ok
1872_Pid.B_2017_PN SBY.pdf,/content/drive/MyDrive/Kuliah/Semester 7/Ekstraksi Informasi/IE_project/output_txt/TXT_Putusan/1872_Pid.B_2017_PN SBY.txt,12,25866,3749,ok
191_Pid.B_2018_PN SBY.pdf,/content/drive/MyDrive/Kuliah/Semester 7/Ekstraksi Informasi/IE_project/output_txt/TXT_Putusan/191_Pid.B_2018_PN SBY.txt,14,29613,4171,ok
1948_Pid.B_2017_PN SBY.pdf,/content/drive/MyDrive/Kuliah/Semester 7/Ekstraksi Informasi/IE_project/output_txt/TXT_Putusan/1948_Pid.B_2017_PN SBY.txt,9,19068,2782,ok
2209_Pid.B_2025_PN Sby.pdf,/content/drive/MyDrive/Kuliah/Semester 7/Ekstraksi Informasi/IE_project/output_txt/TXT_Putusan/2209_Pid.B_2025_PN Sby.txt,15,29710,4296,ok
221_Pid.Sus_2018_PN SBY.pdf,/content/drive/MyDrive/Kuliah/Semester 7/Ekstraksi Informasi/IE_project/output_txt/TXT_Putusan/221_Pid.Sus_2018_PN SBY.txt,11,24813,3453,ok
222_Pid.Sus_2025_PN Sby.pdf,/content/drive/MyDrive/Kuliah/Semester 7/Ekstraksi Informasi/IE_project/output_txt/TXT_Putusan/222_Pid.Sus_2025_PN Sby.txt,33,71793,9999,ok
227_Pdt.G_2026_PN Sby.pdf,/content/drive/MyDrive/Kuliah/Semester 7/Ekstraksi Informasi/IE_project/output_txt/TXT_Putusan/227_Pdt.G_2026_PN Sby.txt,58,95992,13163,ok
2289_Pid.Sus_2017_PN SBY.pdf,/content/drive/MyDrive/Kuliah/Semester 7/Ekstraksi Informasi/IE_project/output_txt/TXT_Putusan/2289_Pid.Sus_2017_PN SBY.txt,13,26613,3935,ok
2296_Pdt.P_2026_PN Sby.pdf,/content/drive/MyDrive/Kuliah/Semester 7/Ekstraksi Informasi/IE_project/output_txt/TXT_Putusan/2296_Pdt.P_2026_PN Sby.txt,14,21763,2848,ok
22_Pid.B_2018_PN SBY.pdf,/content/drive/MyDrive/Kuliah/Semester 7/Ekstraksi Informasi/IE_project/output_txt/TXT_Putusan/22_Pid.B_2018_PN SBY.txt,29,66777,9605,ok
2302_Pid.Sus_2017_PN SBY.pdf,/content/drive/MyDrive/Kuliah/Semester 7/Ekstraksi Informasi/IE_project/output_txt/TXT_Putusan/2302_Pid.Sus_2017_PN SBY.txt,11,20555,2926,ok
2323_Pdt.P_2026_PN Sby.pdf,/content/drive/MyDrive/Kuliah/Semester 7/Ekstraksi Informasi/IE_project/output_txt/TXT_Putusan/2323_Pdt.P_2026_PN Sby.txt,10,16022,2191,ok
2340_Pdt.P_2026_PN Sby.pdf,/content/drive/MyDrive/Kuliah/Semester 7/Ekstraksi Informasi/IE_project/output_txt/TXT_Putusan/2340_Pdt.P_2026_PN Sby.txt,10,16327,2178,ok
2364_Pdt.P_2026_PN Sby.pdf,/content/drive/MyDrive/Kuliah/Semester 7/Ekstraksi Informasi/IE_project/output_txt/TXT_Putusan/2364_Pdt.P_2026_PN Sby.txt,9,14351,1971,ok
2389_Pdt.P_2026_PN Sby.pdf,/content/drive/MyDrive/Kuliah/Semester 7/Ekstraksi Informasi/IE_project/output_txt/TXT_Putusan/2389_Pdt.P_2026_PN Sby.txt,10,16127,2150,ok
2394_Pdt.P_2026_PN Sby.pdf,/content/drive/MyDrive/Kuliah/Semester 7/Ekstraksi Informasi/IE_project/output_txt/TXT_Putusan/2394_Pdt.P_2026_PN Sby.txt,9,15368,2067,ok
2403_Pdt.P_2026_PN Sby.pdf,/content/drive/MyDrive/Kuliah/Semester 7/Ekstraksi Informasi/IE_project/output_txt/TXT_Putusan/2403_Pdt.P_2026_PN Sby.txt,11,16652,2188,ok
2420_Pdt.P_2026_PN Sby.pdf,/content/drive/MyDrive/Kuliah/Semester 7/Ekstraksi Informasi/IE_project/output_txt/TXT_Putusan/2420_Pdt.P_2026_PN Sby.txt,3,3836,511,ok
2423_Pdt.P_2026_PN Sby.pdf,/content/drive/MyDrive/Kuliah/Semester 7/Ekstraksi Informasi/IE_project/output_txt/TXT_Putusan/2423_Pdt.P_2026_PN Sby.txt,7,9756,1335,ok
2431_Pdt.P_2025_PN Sby.pdf,/content/drive/MyDrive/Kuliah/Semester 7/Ekstraksi Informasi/IE_project/output_txt/TXT_Putusan/2431_Pdt.P_2025_PN Sby.txt,9,18149,2428,ok
2437_Pdt.P_2026_PN Sby.pdf,/content/drive/MyDrive/Kuliah/Semester 7/Ekstraksi Informasi/IE_project/output_txt/TXT_Putusan/2437_Pdt.P_2026_PN Sby.txt,10,17865,2361,ok
2441_Pdt.P_2025_PN Sby.pdf,/content/drive/MyDrive/Kuliah/Semester 7/Ekstraksi Informasi/IE_project/output_txt/TXT_Putusan/2441_Pdt.P_2025_PN Sby.txt,9,17609,2644,ok
2448_Pdt.P_2026_PN Sby.pdf,/content/drive/MyDrive/Kuliah/Semester 7/Ekstraksi Informasi/IE_project/output_txt/TXT_Putusan/2448_Pdt.P_2026_PN Sby.txt,16,26815,3750,ok
2455_Pdt.P_2026_PN Sby.pdf,/content/drive/MyDrive/Kuliah/Semester 7/Ekstraksi Informasi/IE_project/output_txt/TXT_Putusan/2455_Pdt.P_2026_PN Sby.txt,8,13601,1806,ok
2463_Pdt.P_2026_PN Sby.pdf,/content/drive/MyDrive/Kuliah/Semester 7/Ekstraksi Informasi/IE_project/output_txt/TXT_Putusan/2463_Pdt.P_2026_PN Sby.txt,9,15273,2019,ok
2464_Pdt.P_2026_PN Sby.pdf,/content/drive/MyDrive/Kuliah/Semester 7/Ekstraksi Informasi/IE_project/output_txt/TXT_Putusan/2464_Pdt.P_2026_PN Sby.txt,10,18379,2442,ok
2472_Pdt.P_2026_PN Sby.pdf,/content/drive/MyDrive/Kuliah/Semester 7/Ekstraksi Informasi/IE_project/output_txt/TXT_Putusan/2472_Pdt.P_2026_PN Sby.txt,10,16927,2233,ok
2475_Pdt.P_2026_PN Sby.pdf,/content/drive/MyDrive/Kuliah/Semester 7/Ekstraksi Informasi/IE_project/output_txt/TXT_Putusan/2475_Pdt.P_2026_PN Sby.txt,3,4052,517,ok
2484_Pdt.P_2026_PN Sby.pdf,/content/drive/MyDrive/Kuliah/Semester 7/Ekstraksi Informasi/IE_project/output_txt/TXT_Putusan/2484_Pdt.P_2026_PN Sby.txt,11,16614,2202,ok
2487_Pdt.P_2026_PN Sby.pdf,/content/drive/MyDrive/Kuliah/Semester 7/Ekstraksi Informasi/IE_project/output_txt/TXT_Putusan/2487_Pdt.P_2026_PN Sby.txt,10,16382,2231,ok
2490_Pdt.P_2026_PN Sby.pdf,/content/drive/MyDrive/Kuliah/Semester 7/Ekstraksi Informasi/IE_project/output_txt/TXT_Putusan/2490_Pdt.P_2026_PN Sby.txt,11,16965,2299,ok
2495_Pdt.P_2026_PN Sby.pdf,/content/drive/MyDrive/Kuliah/Semester 7/Ekstraksi Informasi/IE_project/output_txt/TXT_Putusan/2495_Pdt.P_2026_PN Sby.txt,10,18542,2686,ok
2500_Pdt.P_2026_PN Sby.pdf,/content/drive/MyDrive/Kuliah/Semester 7/Ekstraksi Informasi/IE_project/output_txt/TXT_Putusan/2500_Pdt.P_2026_PN Sby.txt,8,14315,2021,ok
2504_Pdt.P_2026_PN Sby.pdf,/content/drive/MyDrive/Kuliah/Semester 7/Ekstraksi Informasi/IE_project/output_txt/TXT_Putusan/2504_Pdt.P_2026_PN Sby.txt,8,13050,1737,ok
2505_Pdt.P_2026_PN Sby.pdf,/content/drive/MyDrive/Kuliah/Semester 7/Ekstraksi Informasi/IE_project/output_txt/TXT_Putusan/2505_Pdt.P_2026_PN Sby.txt,10,15802,2205,ok
2508_Pdt.P_2026_PN Sby.pdf,/content/drive/MyDrive/Kuliah/Semester 7/Ekstraksi Informasi/IE_project/output_txt/TXT_Putusan/2508_Pdt.P_2026_PN Sby.txt,9,14231,1915,ok
2509_Pdt.P_2026_PN Sby.pdf,/content/drive/MyDrive/Kuliah/Semester 7/Ekstraksi Informasi/IE_project/output_txt/TXT_Putusan/2509_Pdt.P_2026_PN Sby.txt,9,16475,2136,ok
2518_Pdt.P_2026_PN Sby.pdf,/content/drive/MyDrive/Kuliah/Semester 7/Ekstraksi Informasi/IE_project/output_txt/TXT_Putusan/2518_Pdt.P_2026_PN Sby.txt,14,23063,3355,ok
2522_Pdt.P_2025_PN Sby.pdf,/content/drive/MyDrive/Kuliah/Semester 7/Ekstraksi Informasi/IE_project/output_txt/TXT_Putusan/2522_Pdt.P_2025_PN Sby.txt,8,16529,2169,ok
2523_Pdt.P_2026_PN Sby.pdf,/content/drive/MyDrive/Kuliah/Semester 7/Ekstraksi Informasi/IE_project/output_txt/TXT_Putusan/2523_Pdt.P_2026_PN Sby.txt,13,19462,2620,ok
2524_Pdt.P_2026_PN Sby.pdf,/content/drive/MyDrive/Kuliah/Semester 7/Ekstraksi Informasi/IE_project/output_txt/TXT_Putusan/2524_Pdt.P_2026_PN Sby.txt,10,14315,1902,ok
2525_Pdt.P_2026_PN Sby.pdf,/content/drive/MyDrive/Kuliah/Semester 7/Ekstraksi Informasi/IE_project/output_txt/TXT_Putusan/2525_Pdt.P_2026_PN Sby.txt,7,12611,1919,ok
2528_Pdt.P_2026_PN Sby.pdf,/content/drive/MyDrive/Kuliah/Semester 7/Ekstraksi Informasi/IE_project/output_txt/TXT_Putusan/2528_Pdt.P_2026_PN Sby.txt,10,16723,2331,ok
2534_Pdt.P_2026_PN Sby.pdf,/content/drive/MyDrive/Kuliah/Semester 7/Ekstraksi Informasi/IE_project/output_txt/TXT_Putusan/2534_Pdt.P_2026_PN Sby.txt,8,11631,1546,ok
2535_Pdt.P_2026_PN Sby.pdf,/content/drive/MyDrive/Kuliah/Semester 7/Ekstraksi Informasi/IE_project/output_txt/TXT_Putusan/2535_Pdt.P_2026_PN Sby.txt,7,13456,1748,ok
253_Pdt.G_2026_PN Sby.pdf,/content/drive/MyDrive/Kuliah/Semester 7/Ekstraksi Informasi/IE_project/output_txt/TXT_Putusan/253_Pdt.G_2026_PN Sby.txt,43,76328,10444,ok
2553_Pdt.P_2026_PN Sby.pdf,/content/drive/MyDrive/Kuliah/Semester 7/Ekstraksi Informasi/IE_project/output_txt/TXT_Putusan/2553_Pdt.P_2026_PN Sby.txt,16,26860,3956,ok
2554_Pdt.P_2026_PN Sby.pdf,/content/drive/MyDrive/Kuliah/Semester 7/Ekstraksi Informasi/IE_project/output_txt/TXT_Putusan/2554_Pdt.P_2026_PN Sby.txt,9,17398,2511,ok
2557_Pdt.P_2026_PN Sby.pdf,/content/drive/MyDrive/Kuliah/Semester 7/Ekstraksi Informasi/IE_project/output_txt/TXT_Putusan/2557_Pdt.P_2026_PN Sby.txt,14,21980,3013,ok
2558_Pdt.P_2026_PN Sby.pdf,/content/drive/MyDrive/Kuliah/Semester 7/Ekstraksi Informasi/IE_project/output_txt/TXT_Putusan/2558_Pdt.P_2026_PN Sby.txt,11,17716,2465,ok
2559_Pdt.P_2026_PN Sby.pdf,/content/drive/MyDrive/Kuliah/Semester 7/Ekstraksi Informasi/IE_project/output_txt/TXT_Putusan/2559_Pdt.P_2026_PN Sby.txt,9,16515,2424,ok
2567_Pdt.P_2026_PN Sby.pdf,/content/drive/MyDrive/Kuliah/Semester 7/Ekstraksi Informasi/IE_project/output_txt/TXT_Putusan/2567_Pdt.P_2026_PN Sby.txt,11,17298,2366,ok
2569_Pdt.P_2026_PN Sby.pdf,/content/drive/MyDrive/Kuliah/Semester 7/Ekstraksi Informasi/IE_project/output_txt/TXT_Putusan/2569_Pdt.P_2026_PN Sby.txt,8,13092,1875,ok
2572_Pdt.P_2026_PN Sby.pdf,/content/drive/MyDrive/Kuliah/Semester 7/Ekstraksi Informasi/IE_project/output_txt/TXT_Putusan/2572_Pdt.P_2026_PN Sby.txt,10,13702,1859,ok
2573_Pdt.P_2026_PN Sby.pdf,/content/drive/MyDrive/Kuliah/Semester 7/Ekstraksi Informasi/IE_project/output_txt/TXT_Putusan/2573_Pdt.P_2026_PN Sby.txt,8,14480,1916,ok
2577_Pdt.P_2026_PN Sby.pdf,/content/drive/MyDrive/Kuliah/Semester 7/Ekstraksi Informasi/IE_project/output_txt/TXT_Putusan/2577_Pdt.P_2026_PN Sby.txt,13,20910,2892,ok
2578_Pdt.P_2026_PN Sby.pdf,/content/drive/MyDrive/Kuliah/Semester 7/Ekstraksi Informasi/IE_project/output_txt/TXT_Putusan/2578_Pdt.P_2026_PN Sby.txt,9,15545,2084,ok
2581_Pdt.P_2026_PN Sby.pdf,/content/drive/MyDrive/Kuliah/Semester 7/Ekstraksi Informasi/IE_project/output_txt/TXT_Putusan/2581_Pdt.P_2026_PN Sby.txt,12,18872,2757,ok
2582_Pdt.P_2026_PN Sby.pdf,/content/drive/MyDrive/Kuliah/Semester 7/Ekstraksi Informasi/IE_project/output_txt/TXT_Putusan/2582_Pdt.P_2026_PN Sby.txt,8,14832,2001,ok
2587_Pdt.P_2026_PN Sby.pdf,/content/drive/MyDrive/Kuliah/Semester 7/Ekstraksi Informasi/IE_project/output_txt/TXT_Putusan/2587_Pdt.P_2026_PN Sby.txt,3,3959,517,ok
2588_Pdt.P_2026_PN Sby.pdf,/content/drive/MyDrive/Kuliah/Semester 7/Ekstraksi Informasi/IE_project/output_txt/TXT_Putusan/2588_Pdt.P_2026_PN Sby.txt,9,15640,2110,ok
2589_Pdt.P_2026_PN Sby.pdf,/content/drive/MyDrive/Kuliah/Semester 7/Ekstraksi Informasi/IE_project/output_txt/TXT_Putusan/2589_Pdt.P_2026_PN Sby.txt,3,3934,530,ok
2594_Pdt.P_2026_PN Sby.pdf,/content/drive/MyDrive/Kuliah/Semester 7/Ekstraksi Informasi/IE_project/output_txt/TXT_Putusan/2594_Pdt.P_2026_PN Sby.txt,9,14819,1881,ok
2596_Pdt.P_2026_PN Sby.pdf,/content/drive/MyDrive/Kuliah/Semester 7/Ekstraksi Informasi/IE_project/output_txt/TXT_Putusan/2596_Pdt.P_2026_PN Sby.txt,10,15224,2135,ok
2600_Pdt.P_2026_PN Sby.pdf,/content/drive/MyDrive/Kuliah/Semester 7/Ekstraksi Informasi/IE_project/output_txt/TXT_Putusan/2600_Pdt.P_2026_PN Sby.txt,12,18877,2638,ok
2604_Pdt.P_2026_PN Sby.pdf,/content/drive/MyDrive/Kuliah/Semester 7/Ekstraksi Informasi/IE_project/output_txt/TXT_Putusan/2604_Pdt.P_2026_PN Sby.txt,9,13989,1943,ok
2607_Pdt.P_2026_PN Sby.pdf,/content/drive/MyDrive/Kuliah/Semester 7/Ekstraksi Informasi/IE_project/output_txt/TXT_Putusan/2607_Pdt.P_2026_PN Sby.txt,10,19500,3068,ok
2608_Pdt.P_2026_PN Sby.pdf,/content/drive/MyDrive/Kuliah/Semester 7/Ekstraksi Informasi/IE_project/output_txt/TXT_Putusan/2608_Pdt.P_2026_PN Sby.txt,12,20390,2751,ok
2609_Pdt.P_2026_PN Sby.pdf,/content/drive/MyDrive/Kuliah/Semester 7/Ekstraksi Informasi/IE_project/output_txt/TXT_Putusan/2609_Pdt.P_2026_PN Sby.txt,9,17385,2431,ok
2610_Pdt.P_2026_PN Sby.pdf,/content/drive/MyDrive/Kuliah/Semester 7/Ekstraksi Informasi/IE_project/output_txt/TXT_Putusan/2610_Pdt.P_2026_PN Sby.txt,10,16686,2460,ok
2615_Pdt.P_2026_PN Sby.pdf,/content/drive/MyDrive/Kuliah/Semester 7/Ekstraksi Informasi/IE_project/output_txt/TXT_Putusan/2615_Pdt.P_2026_PN Sby.txt,4,6657,951,ok
2616_Pdt.P_2026_PN Sby.pdf,/content/drive/MyDrive/Kuliah/Semester 7/Ekstraksi Informasi/IE_project/output_txt/TXT_Putusan/2616_Pdt.P_2026_PN Sby.txt,11,17308,2240,ok
2618_Pdt.P_2026_PN Sby.pdf,/content/drive/MyDrive/Kuliah/Semester 7/Ekstraksi Informasi/IE_project/output_txt/TXT_Putusan/2618_Pdt.P_2026_PN Sby.txt,3,3617,456,ok
2619_Pdt.P_2026_PN Sby.pdf,/content/drive/MyDrive/Kuliah/Semester 7/Ekstraksi Informasi/IE_project/output_txt/TXT_Putusan/2619_Pdt.P_2026_PN Sby.txt,11,16075,2171,ok
2620_Pdt.P_2026_PN Sby.pdf,/content/drive/MyDrive/Kuliah/Semester 7/Ekstraksi Informasi/IE_project/output_txt/TXT_Putusan/2620_Pdt.P_2026_PN Sby.txt,10,16277,2182,ok
2624_Pdt.P_2026_PN Sby.pdf,/content/drive/MyDrive/Kuliah/Semester 7/Ekstraksi Informasi/IE_project/output_txt/TXT_Putusan/2624_Pdt.P_2026_PN Sby.txt,9,17494,2527,ok
2626_Pdt.P_2026_PN Sby.pdf,/content/drive/MyDrive/Kuliah/Semester 7/Ekstraksi Informasi/IE_project/output_txt/TXT_Putusan/2626_Pdt.P_2026_PN Sby.txt,10,17772,2570,ok
2629_Pdt.P_2026_PN Sby.pdf,/content/drive/MyDrive/Kuliah/Semester 7/Ekstraksi Informasi/IE_project/output_txt/TXT_Putusan/2629_Pdt.P_2026_PN Sby.txt,10,17740,2370,ok
2631_Pdt.P_2026_PN Sby.pdf,/content/drive/MyDrive/Kuliah/Semester 7/Ekstraksi Informasi/IE_project/output_txt/TXT_Putusan/2631_Pdt.P_2026_PN Sby.txt,8,13866,2006,ok
2632_Pdt.P_2026_PN Sby.pdf,/content/drive/MyDrive/Kuliah/Semester 7/Ekstraksi Informasi/IE_project/output_txt/TXT_Putusan/2632_Pdt.P_2026_PN Sby.txt,10,16331,2154,ok
2636_Pdt.P_2026_PN Sby.pdf,/content/drive/MyDrive/Kuliah/Semester 7/Ekstraksi Informasi/IE_project/output_txt/TXT_Putusan/2636_Pdt.P_2026_PN Sby.txt,11,17847,2641,ok
263_Pdt.G_2026_PN Sby.pdf,/content/drive/MyDrive/Kuliah/Semester 7/Ekstraksi Informasi/IE_project/output_txt/TXT_Putusan/263_Pdt.G_2026_PN Sby.txt,58,107442,15160,ok
2645_Pdt.P_2026_PN Sby.pdf,/content/drive/MyDrive/Kuliah/Semester 7/Ekstraksi Informasi/IE_project/output_txt/TXT_Putusan/2645_Pdt.P_2026_PN Sby.txt,14,21250,2812,ok
2650_Pdt.P_2026_PN Sby.pdf,/content/drive/MyDrive/Kuliah/Semester 7/Ekstraksi Informasi/IE_project/output_txt/TXT_Putusan/2650_Pdt.P_2026_PN Sby.txt,11,19301,2678,ok
2651_Pdt.P_2026_PN Sby.pdf,/content/drive/MyDrive/Kuliah/Semester 7/Ekstraksi Informasi/IE_project/output_txt/TXT_Putusan/2651_Pdt.P_2026_PN Sby.txt,8,13600,1985,ok
2653_Pdt.P_2026_PN Sby.pdf,/content/drive/MyDrive/Kuliah/Semester 7/Ekstraksi Informasi/IE_project/output_txt/TXT_Putusan/2653_Pdt.P_2026_PN Sby.txt,8,15359,2022,ok
2654_Pdt.P_2026_PN Sby.pdf,/content/drive/MyDrive/Kuliah/Semester 7/Ekstraksi Informasi/IE_project/output_txt/TXT_Putusan/2654_Pdt.P_2026_PN Sby.txt,13,21913,3014,ok
2661_Pdt.P_2026_PN Sby.pdf,/content/drive/MyDrive/Kuliah/Semester 7/Ekstraksi Informasi/IE_project/output_txt/TXT_Putusan/2661_Pdt.P_2026_PN Sby.txt,8,15247,2023,ok
2667_Pdt.P_2026_PN Sby.pdf,/content/drive/MyDrive/Kuliah/Semester 7/Ekstraksi Informasi/IE_project/output_txt/TXT_Putusan/2667_Pdt.P_2026_PN Sby.txt,11,17439,2360,ok
2668_Pdt.P_2026_PN Sby.pdf,/content/drive/MyDrive/Kuliah/Semester 7/Ekstraksi Informasi/IE_project/output_txt/TXT_Putusan/2668_Pdt.P_2026_PN Sby.txt,8,13133,1752,ok
2671_Pdt.P_2026_PN Sby.pdf,/content/drive/MyDrive/Kuliah/Semester 7/Ekstraksi Informasi/IE_project/output_txt/TXT_Putusan/2671_Pdt.P_2026_PN Sby.txt,10,17342,2357,ok
2672_Pdt.P_2026_PN Sby.pdf,/content/drive/MyDrive/Kuliah/Semester 7/Ekstraksi Informasi/IE_project/output_txt/TXT_Putusan/2672_Pdt.P_2026_PN Sby.txt,17,31584,4513,ok
2674_Pdt.P_2026_PN Sby.pdf,/content/drive/MyDrive/Kuliah/Semester 7/Ekstraksi Informasi/IE_project/output_txt/TXT_Putusan/2674_Pdt.P_2026_PN Sby.txt,10,14501,1845,ok
2675_Pdt.P_2026_PN Sby.pdf,/content/drive/MyDrive/Kuliah/Semester 7/Ekstraksi Informasi/IE_project/output_txt/TXT_Putusan/2675_Pdt.P_2026_PN Sby.txt,10,18055,2530,ok
2695_Pdt.P_2026_PN Sby.pdf,/content/drive/MyDrive/Kuliah/Semester 7/Ekstraksi Informasi/IE_project/output_txt/TXT_Putusan/2695_Pdt.P_2026_PN Sby.txt,5,9568,1281,ok
2696_Pdt.P_2026_PN Sby.pdf,/content/drive/MyDrive/Kuliah/Semester 7/Ekstraksi Informasi/IE_project/output_txt/TXT_Putusan/2696_Pdt.P_2026_PN Sby.txt,6,11317,1485,ok
2697_Pdt.P_2026_PN Sby.pdf,/content/drive/MyDrive/Kuliah/Semester 7/Ekstraksi Informasi/IE_project/output_txt/TXT_Putusan/2697_Pdt.P_2026_PN Sby.txt,6,10730,1456,ok
2699_Pdt.P_2026_PN Sby.pdf,/content/drive/MyDrive/Kuliah/Semester 7/Ekstraksi Informasi/IE_project/output_txt/TXT_Putusan/2699_Pdt.P_2026_PN Sby.txt,2,2178,276,ok
26_Pid.Sus_2018_PN SBY.pdf,/content/drive/MyDrive/Kuliah/Semester 7/Ekstraksi Informasi/IE_project/output_txt/TXT_Putusan/26_Pid.Sus_2018_PN SBY.txt,17,24382,3495,ok
2700_Pdt.P_2026_PN Sby.pdf,/content/drive/MyDrive/Kuliah/Semester 7/Ekstraksi Informasi/IE_project/output_txt/TXT_Putusan/2700_Pdt.P_2026_PN Sby.txt,2,2184,280,ok
2702_Pdt.P_2026_PN Sby.pdf,/content/drive/MyDrive/Kuliah/Semester 7/Ekstraksi Informasi/IE_project/output_txt/TXT_Putusan/2702_Pdt.P_2026_PN Sby.txt,2,2158,274,ok
2711_Pdt.P_2026_PN Sby.pdf,/content/drive/MyDrive/Kuliah/Semester 7/Ekstraksi Informasi/IE_project/output_txt/TXT_Putusan/2711_Pdt.P_2026_PN Sby.txt,10,15564,2123,ok
2724_Pdt.P_2026_PN Sby.pdf,/content/drive/MyDrive/Kuliah/Semester 7/Ekstraksi Informasi/IE_project/output_txt/TXT_Putusan/2724_Pdt.P_2026_PN Sby.txt,11,17687,2382,ok
2738_Pdt.P_2026_PN Sby.pdf,/content/drive/MyDrive/Kuliah/Semester 7/Ekstraksi Informasi/IE_project/output_txt/TXT_Putusan/2738_Pdt.P_2026_PN Sby.txt,10,15858,2130,ok
2753_Pdt.P_2026_PN Sby.pdf,/content/drive/MyDrive/Kuliah/Semester 7/Ekstraksi Informasi/IE_project/output_txt/TXT_Putusan/2753_Pdt.P_2026_PN Sby.txt,10,17014,2266,ok
2779_Pid.B_2017_PN SBY.pdf,/content/drive/MyDrive/Kuliah/Semester 7/Ekstraksi Informasi/IE_project/output_txt/TXT_Putusan/2779_Pid.B_2017_PN SBY.txt,19,43920,6515,ok
2782_Pid.Sus_2017_PN SBY.pdf,/content/drive/MyDrive/Kuliah/Semester 7/Ekstraksi Informasi/IE_project/output_txt/TXT_Putusan/2782_Pid.Sus_2017_PN SBY.txt,13,24272,3558,ok
2857_Pid.B_2017_PN SBY.pdf,/content/drive/MyDrive/Kuliah/Semester 7/Ekstraksi Informasi/IE_project/output_txt/TXT_Putusan/2857_Pid.B_2017_PN SBY.txt,30,71464,10596,ok
2864_Pid.B_2017_PN SBY.pdf,/content/drive/MyDrive/Kuliah/Semester 7/Ekstraksi Informasi/IE_project/output_txt/TXT_Putusan/2864_Pid.B_2017_PN SBY.txt,10,19792,2871,ok
28_Pid.Pra_2026_PN Sby.pdf,/content/drive/MyDrive/Kuliah/Semester 7/Ekstraksi Informasi/IE_project/output_txt/TXT_Putusan/28_Pid.Pra_2026_PN Sby.txt,20,41692,5385,ok
291_Pid.Sus_2018_PN SBY.pdf,/content/drive/MyDrive/Kuliah/Semester 7/Ekstraksi Informasi/IE_project/output_txt/TXT_Putusan/291_Pid.Sus_2018_PN SBY.txt,15,33587,4778,ok
3058_Pid.B_2017_PN SBY.pdf,/content/drive/MyDrive/Kuliah/Semester 7/Ekstraksi Informasi/IE_project/output_txt/TXT_Putusan/3058_Pid.B_2017_PN SBY.txt,7,13790,1965,ok
3080_Pid.Sus_2017_PN SBY.pdf,/content/drive/MyDrive/Kuliah/Semester 7/Ekstraksi Informasi/IE_project/output_txt/TXT_Putusan/3080_Pid.Sus_2017_PN SBY.txt,14,25820,3699,ok
3089_Pid.B_2017_PN SBY.pdf,/content/drive/MyDrive/Kuliah/Semester 7/Ekstraksi Informasi/IE_project/output_txt/TXT_Putusan/3089_Pid.B_2017_PN SBY.txt,41,93271,13953,ok
3099_Pid.B_2017_PN SBY.pdf,/content/drive/MyDrive/Kuliah/Semester 7/Ekstraksi Informasi/IE_project/output_txt/TXT_Putusan/3099_Pid.B_2017_PN SBY.txt,19,38242,5502,ok
3107_Pid.Sus_2017_PN SBY.pdf,/content/drive/MyDrive/Kuliah/Semester 7/Ekstraksi Informasi/IE_project/output_txt/TXT_Putusan/3107_Pid.Sus_2017_PN SBY.txt,17,44225,4742,ok
3116_Pid.B_2017_PN SBY.pdf,/content/drive/MyDrive/Kuliah/Semester 7/Ekstraksi Informasi/IE_project/output_txt/TXT_Putusan/3116_Pid.B_2017_PN SBY.txt,13,26054,3669,ok
3119_Pid.Sus_2017_PN SBY.pdf,/content/drive/MyDrive/Kuliah/Semester 7/Ekstraksi Informasi/IE_project/output_txt/TXT_Putusan/3119_Pid.Sus_2017_PN SBY.txt,14,26874,3776,ok
3120_Pdt.P_2025_PN Sby.pdf,/content/drive/MyDrive/Kuliah/Semester 7/Ekstraksi Informasi/IE_project/output_txt/TXT_Putusan/3120_Pdt.P_2025_PN Sby.txt,7,12252,1625,ok
318_Pdt.Bth_2026_PN Sby.pdf,/content/drive/MyDrive/Kuliah/Semester 7/Ekstraksi Informasi/IE_project/output_txt/TXT_Putusan/318_Pdt.Bth_2026_PN Sby.txt,53,94530,13179,ok
31_Pid.Sus_2018_PN SBY.pdf,/content/drive/MyDrive/Kuliah/Semester 7/Ekstraksi Informasi/IE_project/output_txt/TXT_Putusan/31_Pid.Sus_2018_PN SBY.txt,37,46936,6835,ok
3278_Pid.Sus_2017_PN SBY.pdf,/content/drive/MyDrive/Kuliah/Semester 7/Ekstraksi Informasi/IE_project/output_txt/TXT_Putusan/3278_Pid.Sus_2017_PN SBY.txt,31,72425,10139,ok
3485_Pid.B_2017_PN SBY.pdf,/content/drive/MyDrive/Kuliah/Semester 7/Ekstraksi Informasi/IE_project/output_txt/TXT_Putusan/3485_Pid.B_2017_PN SBY.txt,31,71693,10255,ok
3502_Pid.Sus_2017_PN SBY.pdf,/content/drive/MyDrive/Kuliah/Semester 7/Ekstraksi Informasi/IE_project/output_txt/TXT_Putusan/3502_Pid.Sus_2017_PN SBY.txt,20,42671,6158,ok
3518_Pid.B_2017_PN SBY.pdf,/content/drive/MyDrive/Kuliah/Semester 7/Ekstraksi Informasi/IE_project/output_txt/TXT_Putusan/3518_Pid.B_2017_PN SBY.txt,23,56310,8562,ok
3524_Pid.B_2017_PN SBY.pdf,/content/drive/MyDrive/Kuliah/Semester 7/Ekstraksi Informasi/IE_project/output_txt/TXT_Putusan/3524_Pid.B_2017_PN SBY.txt,9,17626,2553,ok
354_Pdt.Bth_2026_PN Sby.pdf,/content/drive/MyDrive/Kuliah/Semester 7/Ekstraksi Informasi/IE_project/output_txt/TXT_Putusan/354_Pdt.Bth_2026_PN Sby.txt,41,75155,10398,ok
3569_Pid.Sus_2017_PN SBY.pdf,/content/drive/MyDrive/Kuliah/Semester 7/Ekstraksi Informasi/IE_project/output_txt/TXT_Putusan/3569_Pid.Sus_2017_PN SBY.txt,26,35818,5253,ok
3626_Pid.Sus_2017_PN SBY.pdf,/content/drive/MyDrive/Kuliah/Semester 7/Ekstraksi Informasi/IE_project/output_txt/TXT_Putusan/3626_Pid.Sus_2017_PN SBY.txt,11,20496,2988,ok
3628_Pid.Sus_2017_PN SBY.pdf,/content/drive/MyDrive/Kuliah/Semester 7/Ekstraksi Informasi/IE_project/output_txt/TXT_Putusan/3628_Pid.Sus_2017_PN SBY.txt,13,23801,3426,ok
3686_Pid.B_2017_PN SBY.pdf,/content/drive/MyDrive/Kuliah/Semester 7/Ekstraksi Informasi/IE_project/output_txt/TXT_Putusan/3686_Pid.B_2017_PN SBY.txt,43,84800,12220,ok
3689_Pid.Sus_2017_PN SBY.pdf,/content/drive/MyDrive/Kuliah/Semester 7/Ekstraksi Informasi/IE_project/output_txt/TXT_Putusan/3689_Pid.Sus_2017_PN SBY.txt,14,28376,3981,ok
3708_Pid.B_2017_PN SBY.pdf,/content/drive/MyDrive/Kuliah/Semester 7/Ekstraksi Informasi/IE_project/output_txt/TXT_Putusan/3708_Pid.B_2017_PN SBY.txt,8,14328,2000,ok
370_Pdt.G_2026_PN Sby.pdf,/content/drive/MyDrive/Kuliah/Semester 7/Ekstraksi Informasi/IE_project/output_txt/TXT_Putusan/370_Pdt.G_2026_PN Sby.txt,19,31816,4317,ok
3730_Pid.B_2017_PN SBY.pdf,/content/drive/MyDrive/Kuliah/Semester 7/Ekstraksi Informasi/IE_project/output_txt/TXT_Putusan/3730_Pid.B_2017_PN SBY.txt,18,43832,6437,ok
374_Pdt.G_2017_PN SBY.pdf,/content/drive/MyDrive/Kuliah/Semester 7/Ekstraksi Informasi/IE_project/output_txt/TXT_Putusan/374_Pdt.G_2017_PN SBY.txt,23,41659,5920,ok
3751_Pid.B_2017_PN SBY.pdf,/content/drive/MyDrive/Kuliah/Semester 7/Ekstraksi Informasi/IE_project/output_txt/TXT_Putusan/3751_Pid.B_2017_PN SBY.txt,15,32076,4458,ok
376_Pdt.G_2026_PN Sby.pdf,/content/drive/MyDrive/Kuliah/Semester 7/Ekstraksi Informasi/IE_project/output_txt/TXT_Putusan/376_Pdt.G_2026_PN Sby.txt,71,125805,16498,ok
3784_Pid.Sus_2017_PN SBY.pdf,/content/drive/MyDrive/Kuliah/Semester 7/Ekstraksi Informasi/IE_project/output_txt/TXT_Putusan/3784_Pid.Sus_2017_PN SBY.txt,12,27559,3901,ok
3824_Pid.B_2017_PN SBY.pdf,/content/drive/MyDrive/Kuliah/Semester 7/Ekstraksi Informasi/IE_project/output_txt/TXT_Putusan/3824_Pid.B_2017_PN SBY.txt,1,3056,444,ok
3825_Pid.B_2017_PN SBY.pdf,/content/drive/MyDrive/Kuliah/Semester 7/Ekstraksi Informasi/IE_project/output_txt/TXT_Putusan/3825_Pid.B_2017_PN SBY.txt,10,19997,2787,ok
3828_Pid.Sus_2017_PN SBY.pdf,/content/drive/MyDrive/Kuliah/Semester 7/Ekstraksi Informasi/IE_project/output_txt/TXT_Putusan/3828_Pid.Sus_2017_PN SBY.txt,11,22934,3086,ok
3882_Pid.Sus_2017_PN SBY.pdf,/content/drive/MyDrive/Kuliah/Semester 7/Ekstraksi Informasi/IE_project/output_txt/TXT_Putusan/3882_Pid.Sus_2017_PN SBY.txt,17,34004,5040,ok
3886_Pid.B_2017_PN SBY.pdf,/content/drive/MyDrive/Kuliah/Semester 7/Ekstraksi Informasi/IE_project/output_txt/TXT_Putusan/3886_Pid.B_2017_PN SBY.txt,20,46450,6802,ok
3906_Pid.Sus_2017_PN SBY.pdf,/content/drive/MyDrive/Kuliah/Semester 7/Ekstraksi Informasi/IE_project/output_txt/TXT_Putusan/3906_Pid.Sus_2017_PN SBY.txt,24,46096,6735,ok
397_Pdt.G_2017_PN SBY.pdf,/content/drive/MyDrive/Kuliah/Semester 7/Ekstraksi Informasi/IE_project/output_txt/TXT_Putusan/397_Pdt.G_2017_PN SBY.txt,39,54714,7751,ok
424_Pid.Sus_2018_PN SBY.pdf,/content/drive/MyDrive/Kuliah/Semester 7/Ekstraksi Informasi/IE_project/output_txt/TXT_Putusan/424_Pid.Sus_2018_PN SBY.txt,7,14868,2128,ok
456_Pdt.G_2026_PN Sby.pdf,/content/drive/MyDrive/Kuliah/Semester 7/Ekstraksi Informasi/IE_project/output_txt/TXT_Putusan/456_Pdt.G_2026_PN Sby.txt,11,17261,2350,ok
45_Pdt.G_2026_PN Sby.pdf,/content/drive/MyDrive/Kuliah/Semester 7/Ekstraksi Informasi/IE_project/output_txt/TXT_Putusan/45_Pdt.G_2026_PN Sby.txt,13,28254,3779,ok
515_Pdt.G_2026_PN Sby.pdf,/content/drive/MyDrive/Kuliah/Semester 7/Ekstraksi Informasi/IE_project/output_txt/TXT_Putusan/515_Pdt.G_2026_PN Sby.txt,5,6843,929,ok
527_Pdt.G_2017_PN SBY.pdf,/content/drive/MyDrive/Kuliah/Semester 7/Ekstraksi Informasi/IE_project/output_txt/TXT_Putusan/527_Pdt.G_2017_PN SBY.txt,14,22882,3249,ok
538_Pdt.Bth_2026_PN Sby.pdf,/content/drive/MyDrive/Kuliah/Semester 7/Ekstraksi Informasi/IE_project/output_txt/TXT_Putusan/538_Pdt.Bth_2026_PN Sby.txt,56,89366,12200,ok
551_Pdt.G_2026_PN Sby.pdf,/content/drive/MyDrive/Kuliah/Semester 7/Ekstraksi Informasi/IE_project/output_txt/TXT_Putusan/551_Pdt.G_2026_PN Sby.txt,17,27982,3626,ok
55_Pid.Sus-TPK_2026_PN Sby.pdf,/content/drive/MyDrive/Kuliah/Semester 7/Ekstraksi Informasi/IE_project/output_txt/TXT_Putusan/55_Pid.Sus-TPK_2026_PN Sby.txt,702,1339567,186025,ok
56_Pdt.G.S_2026_PN Sby.pdf,/content/drive/MyDrive/Kuliah/Semester 7/Ekstraksi Informasi/IE_project/output_txt/TXT_Putusan/56_Pdt.G.S_2026_PN Sby.txt,3,3835,485,ok
57_Pdt.G.S_2026_PN Sby.pdf,/content/drive/MyDrive/Kuliah/Semester 7/Ekstraksi Informasi/IE_project/output_txt/TXT_Putusan/57_Pdt.G.S_2026_PN Sby.txt,26,43154,5859,ok
58_Pdt.G_2026_PN Sby.pdf,/content/drive/MyDrive/Kuliah/Semester 7/Ekstraksi Informasi/IE_project/output_txt/TXT_Putusan/58_Pdt.G_2026_PN Sby.txt,31,61277,8526,ok
594_Pdt.P_2026_PN Sby.pdf,/content/drive/MyDrive/Kuliah/Semester 7/Ekstraksi Informasi/IE_project/output_txt/TXT_Putusan/594_Pdt.P_2026_PN Sby.txt,8,13035,1771,ok
611_Pdt.G_2017_PN SBY.pdf,/content/drive/MyDrive/Kuliah/Semester 7/Ekstraksi Informasi/IE_project/output_txt/TXT_Putusan/611_Pdt.G_2017_PN SBY.txt,3,4351,618,ok
62_Pdt.Sus-PHI_2026_PN Sby.pdf,/content/drive/MyDrive/Kuliah/Semester 7/Ekstraksi Informasi/IE_project/output_txt/TXT_Putusan/62_Pdt.Sus-PHI_2026_PN Sby.txt,28,49035,6387,ok
62_Pdt.Sus-PKPU_2025_PN Niaga Sby.pdf,/content/drive/MyDrive/Kuliah/Semester 7/Ekstraksi Informasi/IE_project/output_txt/TXT_Putusan/62_Pdt.Sus-PKPU_2025_PN Niaga Sby.txt,32,54017,6905,ok
62_Pdt.Sus-PKPU_2026_PN Niaga Sby.pdf,/content/drive/MyDrive/Kuliah/Semester 7/Ekstraksi Informasi/IE_project/output_txt/TXT_Putusan/62_Pdt.Sus-PKPU_2026_PN Niaga Sby.txt,15,27394,3713,ok
630_Pdt.G_2026_PN Sby.pdf,/content/drive/MyDrive/Kuliah/Semester 7/Ekstraksi Informasi/IE_project/output_txt/TXT_Putusan/630_Pdt.G_2026_PN Sby.txt,8,10820,1493,ok
64_Pdt.Sus-PHI_2026_PN Sby.pdf,/content/drive/MyDrive/Kuliah/Semester 7/Ekstraksi Informasi/IE_project/output_txt/TXT_Putusan/64_Pdt.Sus-PHI_2026_PN Sby.txt,48,96969,13134,ok
652_Pdt.G_2026_PN Sby.pdf,/content/drive/MyDrive/Kuliah/Semester 7/Ekstraksi Informasi/IE_project/output_txt/TXT_Putusan/652_Pdt.G_2026_PN Sby.txt,59,99632,12846,ok
665_Pdt.G_2017_PN SBY.pdf,/content/drive/MyDrive/Kuliah/Semester 7/Ekstraksi Informasi/IE_project/output_txt/TXT_Putusan/665_Pdt.G_2017_PN SBY.txt,23,55456,7776,ok
66_Pdt.G.S_2017_PN SBY.pdf,/content/drive/MyDrive/Kuliah/Semester 7/Ekstraksi Informasi/IE_project/output_txt/TXT_Putusan/66_Pdt.G.S_2017_PN SBY.txt,3,3452,478,ok
66_Pdt.Sus-PKPU_2026_PN Niaga Sby.pdf,/content/drive/MyDrive/Kuliah/Semester 7/Ekstraksi Informasi/IE_project/output_txt/TXT_Putusan/66_Pdt.Sus-PKPU_2026_PN Niaga Sby.txt,48,99401,13645,ok
69_Pdt.Sus-PKPU_2025_PN Niaga Sby.pdf,/content/drive/MyDrive/Kuliah/Semester 7/Ekstraksi Informasi/IE_project/output_txt/TXT_Putusan/69_Pdt.Sus-PKPU_2025_PN Niaga Sby.txt,27,45066,5995,ok
6_Pdt.Sus-HKI_Merek_2026_PN Niaga Sby.pdf,/content/drive/MyDrive/Kuliah/Semester 7/Ekstraksi Informasi/IE_project/output_txt/TXT_Putusan/6_Pdt.Sus-HKI_Merek_2026_PN Niaga Sby.txt,85,170598,23042,ok
713_Pdt.G_2026_PN Sby.pdf,/content/drive/MyDrive/Kuliah/Semester 7/Ekstraksi Informasi/IE_project/output_txt/TXT_Putusan/713_Pdt.G_2026_PN Sby.txt,17,28137,3831,ok
71_Pdt.Sus-PHI_2026_PN Sby.pdf,/content/drive/MyDrive/Kuliah/Semester 7/Ekstraksi Informasi/IE_project/output_txt/TXT_Putusan/71_Pdt.Sus-PHI_2026_PN Sby.txt,27,45224,6096,ok
71_Pdt.Sus-PKPU_2026_PN Niaga Sby.pdf,/content/drive/MyDrive/Kuliah/Semester 7/Ekstraksi Informasi/IE_project/output_txt/TXT_Putusan/71_Pdt.Sus-PKPU_2026_PN Niaga Sby.txt,36,70382,9745,ok
721_Pid.Sus_2026_PN Sby.pdf,/content/drive/MyDrive/Kuliah/Semester 7/Ekstraksi Informasi/IE_project/output_txt/TXT_Putusan/721_Pid.Sus_2026_PN Sby.txt,85,161547,22439,ok
72_Pdt.Sus-PHI_2026_PN Sby.pdf,/content/drive/MyDrive/Kuliah/Semester 7/Ekstraksi Informasi/IE_project/output_txt/TXT_Putusan/72_Pdt.Sus-PHI_2026_PN Sby.txt,23,37622,5066,ok
738_Pdt.G_2026_PN Sby.pdf,/content/drive/MyDrive/Kuliah/Semester 7/Ekstraksi Informasi/IE_project/output_txt/TXT_Putusan/738_Pdt.G_2026_PN Sby.txt,15,29101,4192,ok
73_Pdt.Sus-PHI_2026_PN Sby.pdf,/content/drive/MyDrive/Kuliah/Semester 7/Ekstraksi Informasi/IE_project/output_txt/TXT_Putusan/73_Pdt.Sus-PHI_2026_PN Sby.txt,59,120852,17492,ok
75_Pid.Sus_2018_PN SBY.pdf,/content/drive/MyDrive/Kuliah/Semester 7/Ekstraksi Informasi/IE_project/output_txt/TXT_Putusan/75_Pid.Sus_2018_PN SBY.txt,16,33198,4659,ok
76_Pdt.Sus-PKPU_2025_PN Niaga Sby.pdf,/content/drive/MyDrive/Kuliah/Semester 7/Ekstraksi Informasi/IE_project/output_txt/TXT_Putusan/76_Pdt.Sus-PKPU_2025_PN Niaga Sby.txt,70,109965,14862,ok
772_Pdt.G_2026_PN Sby.pdf,/content/drive/MyDrive/Kuliah/Semester 7/Ekstraksi Informasi/IE_project/output_txt/TXT_Putusan/772_Pdt.G_2026_PN Sby.txt,7,11159,1522,ok
77_Pdt.Sus-PKPU_2026_PN Niaga Sby.pdf,/content/drive/MyDrive/Kuliah/Semester 7/Ekstraksi Informasi/IE_project/output_txt/TXT_Putusan/77_Pdt.Sus-PKPU_2026_PN Niaga Sby.txt,30,52792,7452,ok
790_Pdt.G_2026_PN Sby.pdf,/content/drive/MyDrive/Kuliah/Semester 7/Ekstraksi Informasi/IE_project/output_txt/TXT_Putusan/790_Pdt.G_2026_PN Sby.txt,17,27919,3686,ok
816_Pdt.G_2026_PN Sby.pdf,/content/drive/MyDrive/Kuliah/Semester 7/Ekstraksi Informasi/IE_project/output_txt/TXT_Putusan/816_Pdt.G_2026_PN Sby.txt,6,6693,950,ok
818_Pdt.G_2026_PN Sby.pdf,/content/drive/MyDrive/Kuliah/Semester 7/Ekstraksi Informasi/IE_project/output_txt/TXT_Putusan/818_Pdt.G_2026_PN Sby.txt,7,12313,1664,ok
826_Pdt.G_2026_PN Sby.pdf,/content/drive/MyDrive/Kuliah/Semester 7/Ekstraksi Informasi/IE_project/output_txt/TXT_Putusan/826_Pdt.G_2026_PN Sby.txt,5,7821,1055,ok
82_Pdt.Bth_2026_PN Sby.pdf,/content/drive/MyDrive/Kuliah/Semester 7/Ekstraksi Informasi/IE_project/output_txt/TXT_Putusan/82_Pdt.Bth_2026_PN Sby.txt,66,119087,17141,ok
834_Pdt.G_2026_PN Sby.pdf,/content/drive/MyDrive/Kuliah/Semester 7/Ekstraksi Informasi/IE_project/output_txt/TXT_Putusan/834_Pdt.G_2026_PN Sby.txt,3,4412,612,ok
83_Pdt.Sus-PHI_2025_PN Sby.pdf,/content/drive/MyDrive/Kuliah/Semester 7/Ekstraksi Informasi/IE_project/output_txt/TXT_Putusan/83_Pdt.Sus-PHI_2025_PN Sby.txt,3,4805,642,ok
861_Pdt.G_2017_PN SBY.pdf,/content/drive/MyDrive/Kuliah/Semester 7/Ekstraksi Informasi/IE_project/output_txt/TXT_Putusan/861_Pdt.G_2017_PN SBY.txt,4,4742,643,ok
883_Pdt.G_2026_PN Sby.pdf,/content/drive/MyDrive/Kuliah/Semester 7/Ekstraksi Informasi/IE_project/output_txt/TXT_Putusan/883_Pdt.G_2026_PN Sby.txt,9,12576,1800,ok
898_Pdt.P_2017_PN SBY.pdf,/content/drive/MyDrive/Kuliah/Semester 7/Ekstraksi Informasi/IE_project/output_txt/TXT_Putusan/898_Pdt.P_2017_PN SBY.txt,5,6950,963,ok
8_Pdt.Sus-Renvoi Prosedur_2026_PN.Niaga Sby.pdf,/content/drive/MyDrive/Kuliah/Semester 7/Ekstraksi Informasi/IE_project/output_txt/TXT_Putusan/8_Pdt.Sus-Renvoi Prosedur_2026_PN.Niaga Sby.txt,30,49681,6978,ok
932_Pdt.G_2017_PN SBY.pdf,/content/drive/MyDrive/Kuliah/Semester 7/Ekstraksi Informasi/IE_project/output_txt/TXT_Putusan/932_Pdt.G_2017_PN SBY.txt,4,6279,843,ok
938_Pid.Sus_2026_PN Sby.pdf,/content/drive/MyDrive/Kuliah/Semester 7/Ekstraksi Informasi/IE_project/output_txt/TXT_Putusan/938_Pid.Sus_2026_PN Sby.txt,27,55613,8186,ok
946_Pdt.G_2025_PN Sby.pdf,/content/drive/MyDrive/Kuliah/Semester 7/Ekstraksi Informasi/IE_project/output_txt/TXT_Putusan/946_Pdt.G_2025_PN Sby.txt,11,23490,3210,ok
982_Pid.Sus_2026_PN Sby.pdf,/content/drive/MyDrive/Kuliah/Semester 7/Ekstraksi Informasi/IE_project/output_txt/TXT_Putusan/982_Pid.Sus_2026_PN Sby.txt,29,58044,8504,ok
985_Pdt.G_2026_PN Sby.pdf,/content/drive/MyDrive/Kuliah/Semester 7/Ekstraksi Informasi/IE_project/output_txt/TXT_Putusan/985_Pdt.G_2026_PN Sby.txt,5,7558,1051,ok
995_Pid.Sus_2026_PN Sby.pdf,/content/drive/MyDrive/Kuliah/Semester 7/Ekstraksi Informasi/IE_project/output_txt/TXT_Putusan/995_Pid.Sus_2026_PN Sby.txt,30,60968,8892,ok
